-- phpMyAdmin SQL Dump
-- version 4.7.4
-- https://www.phpmyadmin.net/
--
-- Host: 127.0.0.1
-- Czas generowania: 14 Lut 2019, 01:01
-- Wersja serwera: 10.1.26-MariaDB
-- Wersja PHP: 7.1.9

SET SQL_MODE = "NO_AUTO_VALUE_ON_ZERO";
SET AUTOCOMMIT = 0;
START TRANSACTION;
SET time_zone = "+00:00";


/*!40101 SET @OLD_CHARACTER_SET_CLIENT=@@CHARACTER_SET_CLIENT */;
/*!40101 SET @OLD_CHARACTER_SET_RESULTS=@@CHARACTER_SET_RESULTS */;
/*!40101 SET @OLD_COLLATION_CONNECTION=@@COLLATION_CONNECTION */;
/*!40101 SET NAMES utf8mb4 */;

--
-- Baza danych: `web_project2`
--

--
-- Zrzut danych tabeli `answers`
--

INSERT IGNORE INTO `answers` (`id`, `idQuestion`, `text`, `status`, `created_at`, `updated_at`) VALUES
(2237, 560, 'asdf', 0, '2019-02-05 16:10:53', '2019-02-05 16:10:53'),
(2238, 560, 'ghd', 0, '2019-02-05 16:10:53', '2019-02-05 16:10:53'),
(2239, 560, 'j', 0, '2019-02-05 16:10:53', '2019-02-05 16:10:53'),
(2240, 560, 'bmb', 0, '2019-02-05 16:10:53', '2019-02-05 16:10:53'),
(2241, 561, 'asd', 0, '2019-02-05 16:11:13', '2019-02-05 16:11:13'),
(2242, 561, 'asd', 0, '2019-02-05 16:11:13', '2019-02-05 16:11:13'),
(2243, 561, 'asd', 0, '2019-02-05 16:11:13', '2019-02-05 16:11:13'),
(2244, 561, 'asd', 0, '2019-02-05 16:11:13', '2019-02-05 16:11:13'),
(2245, 562, 'asd', 0, '2019-02-05 16:23:16', '2019-02-05 16:23:16'),
(2246, 562, 'asd', 0, '2019-02-05 16:23:16', '2019-02-05 16:23:16'),
(2247, 562, 'asd', 0, '2019-02-05 16:23:16', '2019-02-05 16:23:16'),
(2248, 562, 'asd', 0, '2019-02-05 16:23:16', '2019-02-05 16:23:16'),
(2249, 563, 'odp 1', 0, '2019-02-05 16:33:37', '2019-02-05 16:33:37'),
(2250, 563, 'asdasd', 0, '2019-02-05 16:33:37', '2019-02-05 16:33:37'),
(2251, 563, 'asd', 0, '2019-02-05 16:33:37', '2019-02-05 16:33:37'),
(2252, 563, 'asd', 1, '2019-02-05 16:33:37', '2019-02-05 16:33:37'),
(2253, 564, 'asd', 0, '2019-02-05 16:52:50', '2019-02-05 16:52:50'),
(2254, 564, 'asd', 0, '2019-02-05 16:52:50', '2019-02-05 16:52:50'),
(2255, 564, 'asd', 0, '2019-02-05 16:52:50', '2019-02-05 16:52:50'),
(2256, 564, 'asd', 1, '2019-02-05 16:52:50', '2019-02-05 16:52:50'),
(2257, 565, 'asd', 0, '2019-02-05 16:54:38', '2019-02-05 16:54:38'),
(2258, 565, 'sad', 0, '2019-02-05 16:54:38', '2019-02-05 16:54:38'),
(2259, 565, 'asd', 0, '2019-02-05 16:54:38', '2019-02-05 16:54:38'),
(2260, 565, 'asd', 1, '2019-02-05 16:54:38', '2019-02-05 16:54:38'),
(2261, 566, 'asd', 0, '2019-02-05 17:06:31', '2019-02-05 17:06:31'),
(2262, 566, 'asd', 0, '2019-02-05 17:06:31', '2019-02-05 17:06:31'),
(2263, 566, 'asd', 0, '2019-02-05 17:06:31', '2019-02-05 17:06:31'),
(2264, 566, 'asd', 1, '2019-02-05 17:06:31', '2019-02-05 17:06:31'),
(2265, 567, 'asd', 0, '2019-02-05 17:46:25', '2019-02-05 17:46:35'),
(2266, 567, 'asd', 1, '2019-02-05 17:46:25', '2019-02-05 17:46:35'),
(2267, 567, 'sd', 0, '2019-02-05 17:46:25', '2019-02-05 17:46:35'),
(2268, 567, 'asd', 0, '2019-02-05 17:46:25', '2019-02-05 17:46:35'),
(2269, 568, 'drwxrwxrwx', 1, '2019-02-06 09:22:13', '2019-02-06 09:22:13'),
(2270, 568, 'drwxrw-rw-', 0, '2019-02-06 09:22:13', '2019-02-06 09:22:13'),
(2271, 568, 'drwx-w--w-', 0, '2019-02-06 09:22:13', '2019-02-06 09:22:13'),
(2272, 568, 'drwx-wx-wx', 0, '2019-02-06 09:22:13', '2019-02-06 09:22:13'),
(2273, 569, '字html汉字body汉字head汉Tekst字/body汉字/head汉字/html汉', 0, '2019-02-06 09:24:21', '2019-02-06 09:35:33'),
(2274, 569, '字html汉字head汉字/head汉字body汉Tekst字/body汉字/html汉', 1, '2019-02-06 09:24:21', '2019-02-06 09:35:33'),
(2275, 569, '字html汉字title汉字body汉Tekst字/body汉字/title汉字/html汉', 0, '2019-02-06 09:24:21', '2019-02-06 09:35:33'),
(2276, 569, '字html汉字body汉字head汉Tekst字/body汉字/head汉字html汉', 0, '2019-02-06 09:24:21', '2019-02-06 09:35:33'),
(2277, 570, 'a', 0, '2019-02-06 09:26:18', '2019-02-06 09:26:18'),
(2278, 570, 'b', 0, '2019-02-06 09:26:18', '2019-02-06 09:26:18'),
(2279, 570, 'ab', 1, '2019-02-06 09:26:18', '2019-02-06 09:26:18'),
(2280, 570, 'error', 0, '2019-02-06 09:26:18', '2019-02-06 09:26:18'),
(2281, 571, 'align: right;', 0, '2019-02-06 09:29:01', '2019-02-06 09:29:01'),
(2282, 571, 'float: right;', 1, '2019-02-06 09:29:01', '2019-02-06 09:29:01'),
(2283, 571, 'overflow: left;', 0, '2019-02-06 09:29:01', '2019-02-06 09:29:01'),
(2284, 571, 'float: left;', 1, '2019-02-06 09:29:01', '2019-02-06 09:29:01'),
(2285, 572, 'asd', 0, '2019-02-11 12:05:24', '2019-02-11 12:05:24'),
(2286, 572, 'asd', 0, '2019-02-11 12:05:24', '2019-02-11 12:05:24'),
(2287, 572, 'asd', 1, '2019-02-11 12:05:24', '2019-02-11 12:05:24'),
(2288, 572, 'asd', 0, '2019-02-11 12:05:24', '2019-02-11 12:05:24'),
(2289, 573, 'asd', 0, '2019-02-11 12:31:51', '2019-02-11 12:31:51'),
(2290, 573, 'asd', 0, '2019-02-11 12:31:51', '2019-02-11 12:31:51'),
(2291, 573, 'asd', 1, '2019-02-11 12:31:51', '2019-02-11 12:31:51'),
(2292, 573, 'asd', 0, '2019-02-11 12:31:51', '2019-02-11 12:31:51'),
(2293, 574, 'asd', 0, '2019-02-11 12:32:50', '2019-02-11 12:32:50'),
(2294, 574, 'asd', 0, '2019-02-11 12:32:50', '2019-02-11 12:32:50'),
(2295, 574, 'asd', 1, '2019-02-11 12:32:50', '2019-02-11 12:32:50'),
(2296, 574, 'asd', 0, '2019-02-11 12:32:50', '2019-02-11 12:32:50'),
(2297, 575, 'Hyperlinks and Text Markup Language', 0, '2019-02-11 13:04:48', '2019-02-11 13:04:48'),
(2298, 575, 'Home Tool Markup Language', 0, '2019-02-11 13:04:48', '2019-02-11 13:04:48'),
(2299, 575, 'Hyper Text Markup Language', 1, '2019-02-11 13:04:48', '2019-02-11 13:04:48'),
(2300, 575, 'Hydro Technic Markup Language', 0, '2019-02-11 13:04:48', '2019-02-11 13:04:48'),
(2301, 576, 'Mozilla', 0, '2019-02-11 13:06:40', '2019-02-11 13:06:40'),
(2302, 576, 'Konsorcjum World Wide Web', 1, '2019-02-11 13:06:40', '2019-02-11 13:06:40'),
(2303, 576, 'Microsoft', 0, '2019-02-11 13:06:40', '2019-02-11 13:06:40'),
(2304, 576, 'Google', 0, '2019-02-11 13:06:40', '2019-02-11 13:06:40'),
(2305, 577, 'top(x,y)', 0, '2019-02-11 13:10:08', '2019-02-11 13:10:08'),
(2306, 577, 'Math.max(x,y)', 1, '2019-02-11 13:10:08', '2019-02-11 13:10:08'),
(2307, 577, 'Math.ceil(x,y)', 0, '2019-02-11 13:10:08', '2019-02-11 13:10:08'),
(2308, 577, 'ceil(x,y)', 0, '2019-02-11 13:10:08', '2019-02-11 13:10:08'),
(2309, 578, '字!DOCTYPE HTML5汉', 0, '2019-02-11 13:12:03', '2019-02-11 13:12:03'),
(2310, 578, '字!DOCTYPE html汉', 1, '2019-02-11 13:12:03', '2019-02-11 13:12:03'),
(2311, 578, '字DOCTYPE html汉', 0, '2019-02-11 13:12:03', '2019-02-11 13:12:03'),
(2312, 578, '字!doctype HTML汉', 1, '2019-02-11 13:12:03', '2019-02-11 13:12:03'),
(2313, 579, 'Celem XML jest zastąpienie HTML', 0, '2019-02-11 13:14:57', '2019-02-11 13:14:57'),
(2314, 579, 'XML został stworzony do przechowywania i przenoszenia informacji', 1, '2019-02-11 13:14:57', '2019-02-11 13:14:57'),
(2315, 579, 'Tagi XML są predefiniowane', 0, '2019-02-11 13:14:57', '2019-02-11 13:14:57'),
(2316, 579, 'Dokumenty XML muszą posiadać element, który będzie rodzicem pozostałych elementów', 1, '2019-02-11 13:14:57', '2019-02-11 13:14:57'),
(2317, 580, 'Hello', 1, '2019-02-11 13:21:52', '2019-02-11 13:21:52'),
(2318, 580, 'Hello Hi!', 0, '2019-02-11 13:21:52', '2019-02-11 13:21:52'),
(2319, 580, 'nie zostanie nic wypisane', 0, '2019-02-11 13:21:52', '2019-02-11 13:21:52'),
(2320, 580, 'Hi!', 0, '2019-02-11 13:21:52', '2019-02-11 13:21:52'),
(2321, 581, 'JS', 0, '2019-02-11 13:25:11', '2019-02-11 13:25:11'),
(2322, 581, 'HTML', 0, '2019-02-11 13:25:11', '2019-02-11 13:25:11'),
(2323, 581, 'CSS', 0, '2019-02-11 13:25:11', '2019-02-11 13:25:11'),
(2324, 581, 'XML', 1, '2019-02-11 13:25:11', '2019-02-11 13:25:11'),
(2325, 582, 'string', 1, '2019-02-11 13:27:07', '2019-02-11 13:27:07'),
(2326, 582, 'boolean', 1, '2019-02-11 13:27:07', '2019-02-11 13:27:07'),
(2327, 582, 'number', 1, '2019-02-11 13:27:07', '2019-02-11 13:27:07'),
(2328, 582, 'date', 0, '2019-02-11 13:27:07', '2019-02-11 13:27:07'),
(2329, 583, 'bezstanowość', 0, '2019-02-11 13:31:55', '2019-02-11 13:31:55'),
(2330, 583, 'mechanizm sesji', 1, '2019-02-11 13:31:55', '2019-02-11 13:31:55'),
(2331, 583, 'odseparowanie interfejsu użytkownika od operacji na serwerze', 0, '2019-02-11 13:31:55', '2019-02-11 13:31:55'),
(2332, 583, 'model klient-serwer', 0, '2019-02-11 13:31:55', '2019-02-11 13:31:55'),
(2333, 584, ':link', 1, '2019-02-11 13:33:55', '2019-02-11 13:33:55'),
(2334, 584, ':empty', 1, '2019-02-11 13:33:55', '2019-02-11 13:33:55'),
(2335, 584, ':focus', 1, '2019-02-11 13:33:55', '2019-02-11 13:33:55'),
(2336, 584, ':optional', 1, '2019-02-11 13:33:55', '2019-02-11 13:33:55'),
(2337, 585, '字?php ... ?汉', 1, '2019-02-11 13:37:28', '2019-02-11 13:37:28'),
(2338, 585, '字script汉 ... 字/script汉', 0, '2019-02-11 13:37:28', '2019-02-11 13:37:28'),
(2339, 585, '字?php汉 ... 字/?汉', 0, '2019-02-11 13:37:28', '2019-02-11 13:37:28'),
(2340, 585, '字&汉 ... 字/&汉', 0, '2019-02-11 13:37:28', '2019-02-11 13:37:28'),
(2341, 586, 'if i==1 then ...  end', 0, '2019-02-11 13:42:32', '2019-02-11 13:42:32'),
(2342, 586, 'if (i == 5) ...', 1, '2019-02-11 13:42:32', '2019-02-11 13:42:32'),
(2343, 586, 'if i = 5 {...}', 0, '2019-02-11 13:42:32', '2019-02-11 13:42:32'),
(2344, 586, 'if i = 5 then { ... } end', 0, '2019-02-11 13:42:32', '2019-02-11 13:42:32'),
(2345, 587, 'alertBox(`Hello World`)', 0, '2019-02-11 13:45:24', '2019-02-11 13:45:24'),
(2346, 587, 'msbBox(`Hello World`)', 0, '2019-02-11 13:45:24', '2019-02-11 13:45:24'),
(2347, 587, 'msg(`Hello World`)', 0, '2019-02-11 13:45:24', '2019-02-11 13:45:24'),
(2348, 587, 'alert(`Hello World`)', 1, '2019-02-11 13:45:24', '2019-02-11 13:45:24'),
(2349, 588, 'type = ”text”', 0, '2019-02-11 13:49:20', '2019-02-11 13:49:20'),
(2350, 588, 'type = ”submit”', 1, '2019-02-11 13:49:20', '2019-02-11 13:49:20'),
(2351, 588, 'type = ”password”', 0, '2019-02-11 13:49:20', '2019-02-11 13:49:20'),
(2352, 588, 'type = ”file”', 0, '2019-02-11 13:49:20', '2019-02-11 13:49:20'),
(2353, 589, '{body;color:black;}', 0, '2019-02-11 13:51:21', '2019-02-11 13:51:21'),
(2354, 589, '{body:color=black;}', 0, '2019-02-11 13:51:21', '2019-02-11 13:51:21'),
(2355, 589, 'body:color=black;', 0, '2019-02-11 13:51:21', '2019-02-11 13:51:21'),
(2356, 589, 'body {color: black;}', 1, '2019-02-11 13:51:21', '2019-02-11 13:51:21'),
(2357, 590, 'new_function mojaFunkcja(){};', 0, '2019-02-11 14:05:01', '2019-02-11 14:05:01'),
(2358, 590, 'function mojaFunkcja(){};', 1, '2019-02-11 14:05:01', '2019-02-11 14:05:01'),
(2359, 590, 'create function mojaFunkcja(){};', 0, '2019-02-11 14:05:01', '2019-02-11 14:05:01'),
(2360, 590, 'mojaFunkcja = function(){};', 0, '2019-02-11 14:05:01', '2019-02-11 14:05:01'),
(2361, 591, 'fixed', 0, '2019-02-11 14:22:42', '2019-02-11 14:22:42'),
(2362, 591, 'static', 1, '2019-02-11 14:22:42', '2019-02-11 14:22:42'),
(2363, 591, 'relative', 0, '2019-02-11 14:22:42', '2019-02-11 14:22:42'),
(2364, 591, 'absolute', 0, '2019-02-11 14:22:42', '2019-02-11 14:22:42'),
(2365, 592, '字phone number汉', 0, '2019-02-11 14:24:02', '2019-02-11 14:24:02'),
(2366, 592, '字2books汉', 0, '2019-02-11 14:24:02', '2019-02-11 14:24:02'),
(2367, 592, '字name汉', 1, '2019-02-11 14:24:02', '2019-02-11 14:24:02'),
(2368, 592, '字xmldocument汉', 0, '2019-02-11 14:24:02', '2019-02-11 14:24:02'),
(2369, 593, 'animation', 1, '2019-02-11 14:29:20', '2019-02-11 14:29:20'),
(2370, 593, 'transform', 0, '2019-02-11 14:29:20', '2019-02-11 14:29:20'),
(2371, 593, 'transition', 1, '2019-02-11 14:29:20', '2019-02-11 14:29:20'),
(2372, 593, 'extrude', 0, '2019-02-11 14:29:20', '2019-02-11 14:29:20'),
(2373, 594, 'alt', 1, '2019-02-11 14:31:11', '2019-02-11 14:31:11'),
(2374, 594, 'title', 0, '2019-02-11 14:31:11', '2019-02-11 14:31:11'),
(2375, 594, 'src', 0, '2019-02-11 14:31:11', '2019-02-11 14:31:11'),
(2376, 594, 'image', 0, '2019-02-11 14:31:11', '2019-02-11 14:31:11'),
(2377, 595, 'div p', 1, '2019-02-11 14:33:58', '2019-02-11 14:33:58'),
(2378, 595, 'div + p', 0, '2019-02-11 14:33:59', '2019-02-11 14:33:59'),
(2379, 595, 'div.p', 0, '2019-02-11 14:33:59', '2019-02-11 14:33:59'),
(2380, 595, 'div-p', 0, '2019-02-11 14:33:59', '2019-02-11 14:33:59'),
(2381, 596, '字br汉', 1, '2019-02-11 14:36:59', '2019-02-11 14:36:59'),
(2382, 596, '字break汉', 0, '2019-02-11 14:36:59', '2019-02-11 14:36:59'),
(2383, 596, '字lb汉', 0, '2019-02-11 14:36:59', '2019-02-11 14:36:59'),
(2384, 596, '字li汉', 0, '2019-02-11 14:36:59', '2019-02-11 14:36:59'),
(2385, 597, 'height', 0, '2019-02-11 14:42:05', '2019-02-11 14:42:05'),
(2386, 597, 'fly', 0, '2019-02-11 14:42:05', '2019-02-11 14:42:05'),
(2387, 597, 'above', 0, '2019-02-11 14:42:05', '2019-02-11 14:42:05'),
(2388, 597, 'z-index', 1, '2019-02-11 14:42:05', '2019-02-11 14:42:05'),
(2389, 598, 'Na początku body', 1, '2019-02-11 14:44:41', '2019-02-11 14:44:41'),
(2390, 598, 'Na końcu head', 1, '2019-02-11 14:44:41', '2019-02-11 14:44:41'),
(2391, 598, 'Na początku head', 1, '2019-02-11 14:44:41', '2019-02-11 14:44:41'),
(2392, 598, 'Na końcu body', 1, '2019-02-11 14:44:41', '2019-02-11 14:44:41'),
(2393, 599, 'text:capitalize', 0, '2019-02-11 14:46:46', '2019-02-11 14:46:46'),
(2394, 599, 'nie można tego zrobić w CSS', 0, '2019-02-11 14:46:46', '2019-02-11 14:46:46'),
(2395, 599, 'text-transform:capitalize', 1, '2019-02-11 14:46:46', '2019-02-11 14:46:46'),
(2396, 599, 'text-transform:uppercase', 0, '2019-02-11 14:46:46', '2019-02-11 14:46:46'),
(2397, 600, 'Po wywołaniu metody finalize() na obiekcie', 0, '2019-02-11 14:47:02', '2019-02-11 14:47:02'),
(2398, 600, 'Gdy nie ma już żadnych referencji do danego obiektu', 1, '2019-02-11 14:47:02', '2019-02-11 14:47:02'),
(2399, 600, 'Po wywołaniu dla obiektu delete', 0, '2019-02-11 14:47:02', '2019-02-11 14:47:02'),
(2400, 600, 'Garbage collector nie usuwa obiektów', 0, '2019-02-11 14:47:02', '2019-02-11 14:47:02'),
(2401, 601, 'Open for changes principale', 0, '2019-02-11 14:48:28', '2019-02-11 14:48:28'),
(2402, 601, 'Open/closed principale', 1, '2019-02-11 14:48:28', '2019-02-11 14:48:28'),
(2403, 601, 'Organized code principale', 0, '2019-02-11 14:48:28', '2019-02-11 14:48:28'),
(2404, 601, 'Object proncipale', 0, '2019-02-11 14:48:28', '2019-02-11 14:48:28'),
(2405, 602, 'Napis pierwszy', 1, '2019-02-11 14:48:55', '2019-02-11 14:48:55'),
(2406, 602, 'Napis drugi', 0, '2019-02-11 14:48:55', '2019-02-11 14:48:55'),
(2407, 602, 'Oba są jednakowej wielkości', 0, '2019-02-11 14:48:55', '2019-02-11 14:48:55'),
(2408, 602, 'W kodzie znajduje się błąd', 0, '2019-02-11 14:48:55', '2019-02-11 14:48:55'),
(2409, 603, 'Single responsibility principale', 1, '2019-02-11 14:49:12', '2019-02-11 14:49:12'),
(2410, 603, 'Solid code rule', 0, '2019-02-11 14:49:12', '2019-02-11 14:49:12'),
(2411, 603, 'Substituted open principale', 0, '2019-02-11 14:49:12', '2019-02-11 14:49:12'),
(2412, 603, 'Self coding principale', 0, '2019-02-11 14:49:12', '2019-02-11 14:49:12'),
(2413, 604, 'shouldThrowArithmeticExceptionWhenCalculatingSum', 0, '2019-02-11 14:49:46', '2019-02-11 14:49:46'),
(2414, 604, 'shouldCalculatingSumAndThrowException', 0, '2019-02-11 14:49:46', '2019-02-11 14:49:46'),
(2415, 604, 'testArithmeticException', 1, '2019-02-11 14:49:46', '2019-02-11 14:49:46'),
(2416, 604, 'pleaseTestCalculateSumWithException', 0, '2019-02-11 14:49:46', '2019-02-11 14:49:46'),
(2417, 605, 'Tak, jeśli klasa bazowa ma konstruktor domyślny', 0, '2019-02-11 14:50:39', '2019-02-11 14:50:39'),
(2418, 605, 'Tak, każda klasa ma konstruktor domyślny', 1, '2019-02-11 14:50:39', '2019-02-11 14:50:39'),
(2419, 605, 'Nie, zawsze zostanie wywołany konstruktor klasy dziedziczącej', 0, '2019-02-11 14:50:39', '2019-02-11 14:50:39'),
(2420, 605, 'Język Java nie umożliwia korzystania z konstruktorów domyślnych', 0, '2019-02-11 14:50:39', '2019-02-11 14:50:39'),
(2421, 606, 'Tworzone interfejsty powinny mieć jak najmniejsza odpowiedzialność - nie powunny zawierać metod, których mogą nie potrzebować', 1, '2019-02-11 14:51:11', '2019-02-11 14:51:11'),
(2422, 606, 'Interfejsy powinny być w tych samych pakietach jeśli korzystają ze swoich metod, w przeciwnym razie powinny być w oddzienych pakietach', 0, '2019-02-11 14:51:11', '2019-02-11 14:51:11'),
(2423, 606, 'Tworzone interfejsy powinny być oddzielone od siebie, nie powinny wykorzystywać swoich metod wzajemnie', 0, '2019-02-11 14:51:11', '2019-02-11 14:51:11'),
(2424, 606, 'Nie ma takiej zasady', 0, '2019-02-11 14:51:11', '2019-02-11 14:51:11'),
(2425, 607, 'display: inline', 0, '2019-02-11 14:51:25', '2019-02-11 14:51:25'),
(2426, 607, 'float: left', 1, '2019-02-11 14:51:25', '2019-02-11 14:51:25'),
(2427, 607, 'float: right', 1, '2019-02-11 14:51:25', '2019-02-11 14:51:25'),
(2428, 607, 'position: absolute', 0, '2019-02-11 14:51:25', '2019-02-11 14:51:25'),
(2429, 608, 'Tylko poprzez garbage collector', 0, '2019-02-11 14:51:41', '2019-02-11 14:51:41'),
(2430, 608, 'Runtime.getTotalFreeMemory()', 0, '2019-02-11 14:51:41', '2019-02-11 14:51:41'),
(2431, 608, 'Runtime.getRuntime().freeMemory()', 1, '2019-02-11 14:51:41', '2019-02-11 14:51:41'),
(2432, 608, 'Nie można pobrać ilości dostępnej pamięci, jedynie całkowitą ilość pamięci', 0, '2019-02-11 14:51:41', '2019-02-11 14:51:41'),
(2433, 609, '15', 1, '2019-02-11 14:52:04', '2019-02-11 14:52:04'),
(2434, 609, '120', 0, '2019-02-11 14:52:04', '2019-02-11 14:52:04'),
(2435, 609, '25', 0, '2019-02-11 14:52:04', '2019-02-11 14:52:04'),
(2436, 609, '0', 0, '2019-02-11 14:52:04', '2019-02-11 14:52:04'),
(2437, 610, '$_GLOBAL[”GET”]', 0, '2019-02-11 14:53:12', '2019-02-11 14:53:12'),
(2438, 610, '$_SESSTION-汉GET', 0, '2019-02-11 14:53:12', '2019-02-11 14:53:12'),
(2439, 610, '$_GET', 1, '2019-02-11 14:53:13', '2019-02-11 14:53:13'),
(2440, 610, '$_DATA-汉GET', 0, '2019-02-11 14:53:13', '2019-02-11 14:53:13'),
(2441, 611, '字?xml version=”1.0”?汉\n字books汉tekst字/book汉\n字/book汉', 0, '2019-02-11 14:56:30', '2019-02-11 14:56:30'),
(2442, 611, '字?xml version=”1.0”?汉\n字books汉tekst字book汉tekst\n字/book汉字/books汉', 1, '2019-02-11 14:56:30', '2019-02-11 14:56:30'),
(2443, 611, '字?xml version=”1.0”?汉\n字books汉tekst字book汉字/book汉\n字books/汉', 0, '2019-02-11 14:56:30', '2019-02-11 14:56:30'),
(2444, 611, '字?xml version=”1.0”?汉\n字books汉tekst字book汉tekst\n字/page汉字/book汉字/books汉', 0, '2019-02-11 14:56:30', '2019-02-11 14:56:30'),
(2445, 612, 'Jest obiektem', 0, '2019-02-11 14:56:50', '2019-02-11 14:56:50'),
(2446, 612, 'Może definiować wiele wartości', 1, '2019-02-11 14:56:50', '2019-02-11 14:56:50'),
(2447, 612, 'W trakcie programu może przyjmować dowolne wartośći', 0, '2019-02-11 14:56:50', '2019-02-11 14:56:50'),
(2448, 612, 'Wartość nie może ulec zmianie', 0, '2019-02-11 14:56:50', '2019-02-11 14:56:50'),
(2449, 613, 'x = 0', 0, '2019-02-11 14:57:30', '2019-02-11 14:57:30'),
(2450, 613, 'x = 1', 0, '2019-02-11 14:57:30', '2019-02-11 14:57:30'),
(2451, 613, 'Błąd kompilacji', 1, '2019-02-11 14:57:30', '2019-02-11 14:57:30'),
(2452, 613, 'Program zgłosi wyjątek', 0, '2019-02-11 14:57:30', '2019-02-11 14:57:30'),
(2453, 614, '1 and 2', 0, '2019-02-11 14:58:39', '2019-02-11 14:58:39'),
(2454, 614, '2 and 3', 0, '2019-02-11 14:58:39', '2019-02-11 14:58:39'),
(2455, 614, '3 and 4', 1, '2019-02-11 14:58:39', '2019-02-11 14:58:39'),
(2456, 614, '1 and 4', 0, '2019-02-11 14:58:39', '2019-02-11 14:58:39'),
(2457, 615, 'continue', 0, '2019-02-11 14:59:14', '2019-02-11 14:59:14'),
(2458, 615, 'break', 1, '2019-02-11 14:59:14', '2019-02-11 14:59:14'),
(2459, 615, 'end_for', 0, '2019-02-11 14:59:14', '2019-02-11 14:59:14'),
(2460, 615, 'for_break', 0, '2019-02-11 14:59:14', '2019-02-11 14:59:14'),
(2461, 616, 'żadna z odpowiedzi', 0, '2019-02-11 15:02:16', '2019-02-11 15:02:16'),
(2462, 616, '.myDiv{ border: 1 solid red; color: blue;}', 1, '2019-02-11 15:02:16', '2019-02-11 15:02:16'),
(2463, 616, '.myDiv{ border: 1 solid blue; color: red;}', 0, '2019-02-11 15:02:16', '2019-02-11 15:02:16'),
(2464, 616, '.myDiv{ border: red; color: blue;}', 0, '2019-02-11 15:02:17', '2019-02-11 15:02:17'),
(2465, 617, 'formvalidate', 0, '2019-02-11 15:48:22', '2019-02-11 15:48:22'),
(2466, 617, 'validate', 0, '2019-02-11 15:48:22', '2019-02-11 15:48:22'),
(2467, 617, 'required', 1, '2019-02-11 15:48:22', '2019-02-11 15:48:22'),
(2468, 617, 'compulsory', 0, '2019-02-11 15:48:22', '2019-02-11 15:48:22'),
(2469, 618, '字body style=”background-color:yellow;”汉', 1, '2019-02-11 15:51:11', '2019-02-11 15:51:11'),
(2470, 618, '字background汉yellow字/background汉', 0, '2019-02-11 15:51:11', '2019-02-11 15:51:11'),
(2471, 618, '字body bg=”yellow”汉', 0, '2019-02-11 15:51:11', '2019-02-11 15:51:11'),
(2472, 618, '字set_background_color_yellow汉', 0, '2019-02-11 15:51:11', '2019-02-11 15:51:11'),
(2473, 619, '字script href=”nazwa.js”汉字/script汉', 0, '2019-02-11 15:53:29', '2019-02-11 15:53:29'),
(2474, 619, '字script src=”nazwa.js” 汉字/script汉', 1, '2019-02-11 15:53:29', '2019-02-11 15:53:29'),
(2475, 619, '字script href=”nazwa.js” 汉/*wywołanie funkcji*/字/script汉', 0, '2019-02-11 15:53:29', '2019-02-11 15:53:29'),
(2476, 619, '字script src=”nazwa.js” 汉/*wywołanie funkcji*/字/script汉', 0, '2019-02-11 15:53:29', '2019-02-11 15:53:29'),
(2477, 620, 'składnia JSON jest mniej skomplikowana niż składnia XMLa', 1, '2019-02-11 15:56:41', '2019-02-11 15:56:41'),
(2478, 620, 'JSON jest odpowiednikiem języka HTML', 0, '2019-02-11 15:56:41', '2019-02-11 15:56:41'),
(2479, 620, 'XML jest mniej popularny niż JSON', 0, '2019-02-11 15:56:41', '2019-02-11 15:56:41'),
(2480, 620, 'dane w XML nie posiadają typów, a w JSON - posiadają', 1, '2019-02-11 15:56:41', '2019-02-11 15:56:41'),
(2481, 621, 'obsługa responsywności', 0, '2019-02-11 15:58:30', '2019-02-11 15:58:30'),
(2482, 621, 'posiadanie mechanizmu Service worker', 0, '2019-02-11 15:58:30', '2019-02-11 15:58:30'),
(2483, 621, 'struktura stron oparta na tabelach', 1, '2019-02-11 15:58:30', '2019-02-11 15:58:30'),
(2484, 621, 'brak zewnętrznych stylów CSS', 1, '2019-02-11 15:58:30', '2019-02-11 15:58:30'),
(2485, 622, 'document.getElementById(”p”).innerHTML = ”Hello World!”;', 0, '2019-02-11 16:00:26', '2019-02-11 16:00:26'),
(2486, 622, 'document.getElementById(”demo”).innerHTML = ”Hello World!”', 1, '2019-02-11 16:00:26', '2019-02-11 16:00:26'),
(2487, 622, 'document.getElementByName(”p”).innerHTML = ”Hello World!”;', 0, '2019-02-11 16:00:26', '2019-02-11 16:00:26'),
(2488, 622, 'document.getElement(”p”).innerHTML = ”Hello World!”;', 0, '2019-02-11 16:00:26', '2019-02-11 16:00:26'),
(2489, 623, 'float: if(max-width 汉 600) left else none', 0, '2019-02-11 16:02:22', '2019-02-11 16:02:22'),
(2490, 623, 'display: responsive', 0, '2019-02-11 16:02:23', '2019-02-11 16:02:23'),
(2491, 623, '@media only screen and (max-width: 600px)', 1, '2019-02-11 16:02:23', '2019-02-11 16:02:23'),
(2492, 623, 'tylko wykorzystując gotowe frameworki', 0, '2019-02-11 16:02:23', '2019-02-11 16:02:23'),
(2493, 624, 'include ”paczka.inc”;', 1, '2019-02-11 16:03:40', '2019-02-11 16:03:40'),
(2494, 624, 'include file=”paczka.inc”;', 0, '2019-02-11 16:03:40', '2019-02-11 16:03:40'),
(2495, 624, 'include:”paczka.inc”;', 0, '2019-02-11 16:03:40', '2019-02-11 16:03:40'),
(2496, 624, '#include 字paczka.inc汉', 0, '2019-02-11 16:03:40', '2019-02-11 16:03:40'),
(2497, 625, 'Językiem zapisu danych', 0, '2019-02-11 16:08:38', '2019-02-11 16:08:38'),
(2498, 625, 'Formatem danych w postaci tekstowej', 1, '2019-02-11 16:08:38', '2019-02-11 16:08:38'),
(2499, 625, 'Językiem kodowania', 0, '2019-02-11 16:08:38', '2019-02-11 16:08:38'),
(2500, 625, 'Rozszerzeniem dokumentu', 1, '2019-02-11 16:08:38', '2019-02-11 16:08:38'),
(2501, 626, '$licznik = +1;', 0, '2019-02-11 16:14:59', '2019-02-11 16:14:59'),
(2502, 626, '$licznik++;', 1, '2019-02-11 16:14:59', '2019-02-11 16:14:59'),
(2503, 626, '$licznik +=1;', 1, '2019-02-11 16:14:59', '2019-02-11 16:14:59'),
(2504, 626, '++$licznik;', 1, '2019-02-11 16:14:59', '2019-02-11 16:14:59'),
(2505, 627, 'a\n10\n5', 1, '2019-02-11 16:17:06', '2019-02-11 16:17:06'),
(2506, 627, 'b', 0, '2019-02-11 16:17:06', '2019-02-11 16:17:06'),
(2507, 627, 'b\n5', 0, '2019-02-11 16:17:06', '2019-02-11 16:17:06'),
(2508, 627, 'a\n10', 0, '2019-02-11 16:17:06', '2019-02-11 16:17:06'),
(2509, 628, 'span {text-size:bold}', 0, '2019-02-11 16:21:49', '2019-02-11 16:21:49'),
(2510, 628, 'span {font-weight:bold}', 1, '2019-02-11 16:21:49', '2019-02-11 16:21:49'),
(2511, 628, '字span style=”font-size:bold汉', 0, '2019-02-11 16:21:49', '2019-02-11 16:21:49'),
(2512, 628, '字span style=”text-size:bold汉', 0, '2019-02-11 16:21:49', '2019-02-11 16:21:49'),
(2513, 629, 'border', 0, '2019-02-13 22:20:35', '2019-02-13 22:20:35'),
(2514, 629, 'shadow', 0, '2019-02-13 22:20:35', '2019-02-13 22:20:35'),
(2515, 629, 'div', 0, '2019-02-13 22:20:35', '2019-02-13 22:20:35'),
(2516, 629, 'box-shadow', 1, '2019-02-13 22:20:35', '2019-02-13 22:20:35'),
(2517, 630, 'pt', 0, '2019-02-13 22:23:33', '2019-02-13 22:31:09'),
(2518, 630, 'in', 0, '2019-02-13 22:23:33', '2019-02-13 22:31:09'),
(2519, 630, 'ch', 1, '2019-02-13 22:23:33', '2019-02-13 22:31:09'),
(2520, 630, 'ex', 1, '2019-02-13 22:23:33', '2019-02-13 22:31:10'),
(2521, 631, 'Example Markup Language', 0, '2019-02-13 22:23:50', '2019-02-13 22:23:50'),
(2522, 631, 'X-Markup Language', 0, '2019-02-13 22:23:50', '2019-02-13 22:23:50'),
(2523, 631, 'eXtensible Markup Language', 1, '2019-02-13 22:23:50', '2019-02-13 22:23:50'),
(2524, 631, 'eXtra Markup Language', 0, '2019-02-13 22:23:50', '2019-02-13 22:23:50'),
(2525, 632, '字xml version=”1.0”/汉', 0, '2019-02-13 22:25:20', '2019-02-13 22:25:20'),
(2526, 632, '字?xml version=”1.0”汉', 0, '2019-02-13 22:25:20', '2019-02-13 22:25:20'),
(2527, 632, '字xml version=”1.0”汉', 0, '2019-02-13 22:25:20', '2019-02-13 22:25:20'),
(2528, 632, '字?xml version=”1.0”?汉', 1, '2019-02-13 22:25:20', '2019-02-13 22:25:20'),
(2529, 633, 'cudzysłowie (”tekst”)', 1, '2019-02-13 22:25:47', '2019-02-13 22:25:47'),
(2530, 633, 'apostrofach (‘tekst’)', 0, '2019-02-13 22:25:47', '2019-02-13 22:25:47'),
(2531, 633, 'nie ma to znaczenia', 0, '2019-02-13 22:25:47', '2019-02-13 22:25:47'),
(2532, 633, 'żadnym z powyższych', 0, '2019-02-13 22:25:47', '2019-02-13 22:25:47'),
(2533, 634, 'REST jest standardem organizacji W3C', 0, '2019-02-13 22:26:13', '2019-02-13 22:26:13'),
(2534, 634, 'REST jest protokołem', 0, '2019-02-13 22:26:13', '2019-02-13 22:26:13'),
(2535, 634, 'W REST każdy zasób powinien być identyfikowany przez URL', 1, '2019-02-13 22:26:13', '2019-02-13 22:26:13'),
(2536, 634, 'REST został stworzony w celu zastąpienia SOAP', 0, '2019-02-13 22:26:13', '2019-02-13 22:26:13'),
(2537, 635, 'Single Page Application', 1, '2019-02-13 22:26:45', '2019-02-13 22:26:45'),
(2538, 635, 'Strona, która dynamicznie dostosowuje swoją zawartość do akcji użytkownika, zamiast ładować całą nową stronę serwera', 1, '2019-02-13 22:26:45', '2019-02-13 22:26:45'),
(2539, 635, 'strona, która nie posiada podstron', 0, '2019-02-13 22:26:45', '2019-02-13 22:26:45'),
(2540, 635, 'strona, która jest tym samym co OnePage', 0, '2019-02-13 22:26:45', '2019-02-13 22:26:45'),
(2541, 636, '字important汉', 0, '2019-02-13 22:27:03', '2019-02-13 22:27:03'),
(2542, 636, '字b汉', 0, '2019-02-13 22:27:03', '2019-02-13 22:27:03'),
(2543, 636, '字i汉', 0, '2019-02-13 22:27:03', '2019-02-13 22:27:03'),
(2544, 636, '字strong汉', 1, '2019-02-13 22:27:03', '2019-02-13 22:27:03'),
(2545, 637, 'rysowania wykresów', 1, '2019-02-13 22:27:30', '2019-02-13 22:27:30'),
(2546, 637, 'tworzenia rysunków', 1, '2019-02-13 22:27:30', '2019-02-13 22:27:30'),
(2547, 637, 'tworzenia przeciąganych elementów', 0, '2019-02-13 22:27:30', '2019-02-13 22:27:30'),
(2548, 637, 'tworzenia animacji', 0, '2019-02-13 22:27:30', '2019-02-13 22:27:30'),
(2549, 638, 'span {text-size:bold}', 0, '2019-02-13 22:27:53', '2019-02-13 22:27:53'),
(2550, 638, 'span {font-weight:bold}', 1, '2019-02-13 22:27:53', '2019-02-13 22:27:53'),
(2551, 638, '字span style=”font-size:bold”汉', 0, '2019-02-13 22:27:53', '2019-02-13 22:27:53'),
(2552, 638, '字span style=”text-size:bold”汉', 0, '2019-02-13 22:27:53', '2019-02-13 22:27:53'),
(2553, 639, '字a href=”url” new汉', 0, '2019-02-13 22:28:14', '2019-02-13 22:28:14'),
(2554, 639, '字a href=”url” target=”new”汉', 1, '2019-02-13 22:28:14', '2019-02-13 22:28:14'),
(2555, 639, '字a href=”url” target=”_blank”汉', 0, '2019-02-13 22:28:14', '2019-02-13 22:28:14'),
(2556, 639, '字a href=”url” target=”new_tab”汉', 0, '2019-02-13 22:28:14', '2019-02-13 22:28:14'),
(2557, 640, '字script汉', 1, '2019-02-13 22:28:33', '2019-02-13 22:28:33'),
(2558, 640, '字scripting汉', 0, '2019-02-13 22:28:33', '2019-02-13 22:28:33'),
(2559, 640, '字js汉', 0, '2019-02-13 22:28:33', '2019-02-13 22:28:33'),
(2560, 640, '字javascript汉', 0, '2019-02-13 22:28:33', '2019-02-13 22:28:33'),
(2561, 641, '字i汉', 0, '2019-02-13 22:29:10', '2019-02-13 22:29:10'),
(2562, 641, '字highlight汉', 0, '2019-02-13 22:29:10', '2019-02-13 22:29:10'),
(2563, 641, '字important汉', 0, '2019-02-13 22:29:10', '2019-02-13 22:29:10'),
(2564, 641, '字mark汉', 1, '2019-02-13 22:29:10', '2019-02-13 22:29:10'),
(2565, 642, 'pos=3 i pos2=null', 0, '2019-02-13 22:30:08', '2019-02-13 22:30:08'),
(2566, 642, 'pos=3 i pos2=-10', 0, '2019-02-13 22:30:08', '2019-02-13 22:30:08'),
(2567, 642, 'pos=4 i pos2=0', 0, '2019-02-13 22:30:08', '2019-02-13 22:30:08'),
(2568, 642, 'pos=3 i pos2=-1', 1, '2019-02-13 22:30:08', '2019-02-13 22:30:08'),
(2573, 644, 'Nie', 0, '2019-02-13 22:45:39', '2019-02-13 22:45:39'),
(2574, 644, 'Tak', 1, '2019-02-13 22:45:39', '2019-02-13 22:45:39'),
(2575, 644, 'Tylko wtedy gdy interfejsy rozszerzają jeden wspólny interfejs', 0, '2019-02-13 22:45:39', '2019-02-13 22:45:39'),
(2576, 644, 'Tak, gdy interfejsy są z jednego pakietu', 0, '2019-02-13 22:45:39', '2019-02-13 22:45:39'),
(2577, 645, 'Jeśli dwa obiekty są różne, wartości hashCode również powinny być różne', 1, '2019-02-13 22:46:05', '2019-02-13 22:46:05'),
(2578, 645, 'Powinna zwracać wartość liczbową obliczoną na podstawie wskaźnika', 0, '2019-02-13 22:46:05', '2019-02-13 22:46:05'),
(2579, 645, 'Jeśli dwa obiekty są równe za pomocą equals, to wartości zwracane przez hashCode również muszą być takie same', 0, '2019-02-13 22:46:05', '2019-02-13 22:46:05'),
(2580, 645, 'Podana funkcja nie istnieje', 0, '2019-02-13 22:46:05', '2019-02-13 22:46:05'),
(2581, 646, 'Nie ma takiej potrzeby, String jest immutable', 1, '2019-02-13 22:46:32', '2019-02-13 22:46:32'),
(2582, 646, 'Tylko wtedy, kiedy chcemy utworzyć pusty String', 0, '2019-02-13 22:46:32', '2019-02-13 22:46:32'),
(2583, 646, 'Jeśli chcemy używać tej samej wartości danego String', 0, '2019-02-13 22:46:32', '2019-02-13 22:46:32'),
(2584, 646, 'Gdy chcemy przekształcić do String wartość innego typu', 0, '2019-02-13 22:46:32', '2019-02-13 22:46:32'),
(2585, 647, 'Aby zawietały wspólne zachowanie dla klas z nich dziedziczących', 0, '2019-02-13 22:46:53', '2019-02-13 22:46:53'),
(2586, 647, 'Stosujemy je, kiedy chcemy stworzyć klasę niemajacą znaczenia biznesowego, dopiero klasy dziedziczące nadają znaczenie', 0, '2019-02-13 22:46:53', '2019-02-13 22:46:53'),
(2587, 647, 'Nie powinno się ich już stosować, zastępują je interfejsy', 1, '2019-02-13 22:46:53', '2019-02-13 22:46:53'),
(2588, 647, 'Klasy abstrakcyjne wymuszają istnienie wyłącznie pól i metod klasy abstrakcyjnej w klasach dziedziczących', 0, '2019-02-13 22:46:53', '2019-02-13 22:46:53'),
(2589, 648, 'protected int a;', 0, '2019-02-13 22:47:31', '2019-02-13 22:47:31'),
(2590, 648, 'transient int b = 3;', 0, '2019-02-13 22:47:31', '2019-02-13 22:47:31'),
(2591, 648, 'private synchronized int c;', 1, '2019-02-13 22:47:31', '2019-02-13 22:47:31'),
(2592, 648, 'volatile ind d;', 0, '2019-02-13 22:47:31', '2019-02-13 22:47:31'),
(2593, 649, 'Wypisze losowe wartości pozostałe w pamięci', 0, '2019-02-13 22:48:00', '2019-02-13 22:48:00'),
(2594, 649, 'f2 = f1 spowoduje błąd kompilacji', 0, '2019-02-13 22:48:00', '2019-02-13 22:48:00'),
(2595, 649, 'wypisze f2[0] = 0.0', 1, '2019-02-13 22:48:00', '2019-02-13 22:48:00'),
(2596, 649, 'wypisze f2[0] = NaN', 0, '2019-02-13 22:48:00', '2019-02-13 22:48:00'),
(2597, 650, 'float[ ] f = new float(3);', 1, '2019-02-13 22:48:47', '2019-02-13 22:48:47'),
(2598, 650, 'float f2 = new float[ ];', 0, '2019-02-13 22:48:47', '2019-02-13 22:48:47'),
(2599, 650, 'float[ ]f1 = new float[3];', 0, '2019-02-13 22:48:47', '2019-02-13 22:48:47'),
(2600, 650, 'float f3[ ] = new float[3];', 0, '2019-02-13 22:48:47', '2019-02-13 22:48:47'),
(2601, 651, 'java.util.Map', 0, '2019-02-13 22:49:23', '2019-02-13 22:49:23'),
(2602, 651, 'java.util.Set', 1, '2019-02-13 22:49:23', '2019-02-13 22:49:23'),
(2603, 651, 'java.util.List', 0, '2019-02-13 22:49:23', '2019-02-13 22:49:23'),
(2604, 651, 'java.util.Collection', 0, '2019-02-13 22:49:23', '2019-02-13 22:49:23'),
(2605, 652, 'Thread(Runnable r, ThreadGroup g)', 0, '2019-02-13 22:50:06', '2019-02-13 22:50:06'),
(2606, 652, 'Thread(int priority)', 0, '2019-02-13 22:50:06', '2019-02-13 22:50:06'),
(2607, 652, 'Thread()', 1, '2019-02-13 22:50:06', '2019-02-13 22:50:06'),
(2608, 652, 'Thread(Runnable r, int id)', 0, '2019-02-13 22:50:06', '2019-02-13 22:50:06'),
(2609, 653, 'private int method1(int a, int b) { return 0; }', 0, '2019-02-13 22:50:36', '2019-02-13 22:50:36'),
(2610, 653, 'public short method1(int a, int b) { return 0; }', 0, '2019-02-13 22:50:36', '2019-02-13 22:50:36'),
(2611, 653, 'public int method1(int a, int b) {return 0; }', 1, '2019-02-13 22:50:36', '2019-02-13 22:50:36'),
(2612, 653, 'static protected int method1(int a, int b) { return 0; }', 0, '2019-02-13 22:50:36', '2019-02-13 22:50:36'),
(2613, 654, 'wait()', 0, '2019-02-13 22:51:04', '2019-02-13 22:51:04'),
(2614, 654, 'yield()', 1, '2019-02-13 22:51:04', '2019-02-13 22:51:04'),
(2615, 654, 'sleep(1000)', 0, '2019-02-13 22:51:04', '2019-02-13 22:51:04'),
(2616, 654, 'aLiveThread.join()', 0, '2019-02-13 22:51:04', '2019-02-13 22:51:04'),
(2617, 655, 'int w = (int)888.8;', 0, '2019-02-13 22:53:13', '2019-02-13 22:53:13'),
(2618, 655, 'byte x = (byte)1000L;', 0, '2019-02-13 22:53:13', '2019-02-13 22:53:13'),
(2619, 655, 'long y = (byte)100;', 1, '2019-02-13 22:53:13', '2019-02-13 22:53:13'),
(2620, 655, 'byte z = (byte)100L;', 0, '2019-02-13 22:53:13', '2019-02-13 22:53:13'),
(2621, 656, 'run', 0, '2019-02-13 22:53:38', '2019-02-13 22:53:38'),
(2622, 656, 'import', 1, '2019-02-13 22:53:38', '2019-02-13 22:53:38'),
(2623, 656, 'include', 0, '2019-02-13 22:53:38', '2019-02-13 22:53:38'),
(2624, 656, 'implement', 0, '2019-02-13 22:53:38', '2019-02-13 22:53:38'),
(2625, 657, 'int[ ] scores = {3, 5, 7};', 0, '2019-02-13 22:55:45', '2019-02-13 22:55:45'),
(2626, 657, 'int [ ][ ] scores = {2,7,6}, {9,3,45};', 1, '2019-02-13 22:55:45', '2019-02-13 22:55:45'),
(2627, 657, 'String cats[ ] = {”Fluffy”, ”Spot”, ”Zeus”};', 0, '2019-02-13 22:55:45', '2019-02-13 22:55:45'),
(2628, 657, 'boolean results[ ] = new boolean [] {true, false, true};', 0, '2019-02-13 22:55:45', '2019-02-13 22:55:45'),
(2629, 658, 'Program nie skompiluje się', 1, '2019-02-13 22:56:19', '2019-02-13 22:56:19'),
(2630, 658, 'j = -1', 0, '2019-02-13 22:56:19', '2019-02-13 22:56:19'),
(2631, 658, 'j = 0', 0, '2019-02-13 22:56:19', '2019-02-13 22:56:19'),
(2632, 658, 'j = 1', 0, '2019-02-13 22:56:19', '2019-02-13 22:56:19'),
(2633, 659, 'Java.util.Set', 0, '2019-02-13 22:56:42', '2019-02-13 22:56:42'),
(2634, 659, 'Java.util.List', 0, '2019-02-13 22:56:42', '2019-02-13 22:56:42'),
(2635, 659, 'Java.util.Collection', 0, '2019-02-13 22:56:42', '2019-02-13 22:56:42'),
(2636, 659, 'Java.util.Map', 1, '2019-02-13 22:56:42', '2019-02-13 22:56:42'),
(2637, 660, 'Wartość i będzie losowa', 0, '2019-02-13 22:57:53', '2019-02-13 22:57:53'),
(2638, 660, 'i = 1', 0, '2019-02-13 22:57:53', '2019-02-13 22:57:53'),
(2639, 660, 'i = 0', 1, '2019-02-13 22:57:53', '2019-02-13 22:57:53'),
(2640, 660, 'Wystąpi błąd kompilacji', 0, '2019-02-13 22:57:53', '2019-02-13 22:57:53'),
(2641, 661, 'x.delete()', 0, '2019-02-13 22:58:14', '2019-02-13 22:58:14'),
(2642, 661, 'x.finalize()', 0, '2019-02-13 22:58:14', '2019-02-13 22:58:14'),
(2643, 661, 'Runtime.getRuntime().gc()', 0, '2019-02-13 22:58:14', '2019-02-13 22:58:14'),
(2644, 661, 'Tylko Garbage Collector może usuwać obiekty', 1, '2019-02-13 22:58:14', '2019-02-13 22:58:14');

--
-- Zrzut danych tabeli `questions`
--

INSERT IGNORE INTO `questions` (`id`, `idSubject`, `category`, `text`, `code`, `image`, `created_at`, `updated_at`) VALUES
(568, 33, NULL, 'Jak powinny być ustawione prawa dostępu dla katalogu, w którym umieszczone są pliki serwisu WWW?', NULL, NULL, '2019-02-06 09:22:13', '2019-02-06 09:22:13'),
(569, 33, NULL, 'Która forma zapisu jest zgodna ze składnią języka HTML?', NULL, NULL, '2019-02-06 09:24:21', '2019-02-06 09:24:21'),
(570, 33, NULL, 'Co zwraca poniższy skrypt języka PHP?', '字?php\n  $var = ”a”;\n  $VAR = ”b”;\n  echo $var . $VAR;\n?汉', NULL, '2019-02-06 09:26:17', '2019-02-06 09:26:17'),
(571, 33, NULL, 'Jaki styl CSS należy dodać do elementów blokowych, aby wyświetlały się tak jak poniżej?', NULL, 'http://www.corelangs.com/css/box/img/float-right.png', '2019-02-06 09:28:59', '2019-02-06 09:28:59'),
(575, 30, NULL, 'Co oznacza skrót HTML?', NULL, NULL, '2019-02-11 13:04:48', '2019-02-11 13:04:48'),
(576, 30, NULL, 'Kto tworzy standardy WEB?', NULL, NULL, '2019-02-11 13:06:40', '2019-02-11 13:06:40'),
(577, 30, NULL, 'Jak sprawdzić, która liczba (x czy y) jest większa w JavaScript?', NULL, NULL, '2019-02-11 13:10:08', '2019-02-11 13:10:08'),
(578, 30, NULL, 'Jaką strukturę powinien posiadać DTD w HTML5?', NULL, NULL, '2019-02-11 13:12:03', '2019-02-11 13:12:03'),
(579, 30, NULL, 'Które stwierdzenia są prawdziwe?', NULL, NULL, '2019-02-11 13:14:57', '2019-02-11 13:14:57'),
(580, 30, NULL, 'Co zostanie wypisane w konsoli przez następujący kod?', 'var x = 10;\nswitch(x) {\n  case 10: console.log(”Hello”);\n  case ”10”: console.log(“Hi!”);\n}', NULL, '2019-02-11 13:21:52', '2019-02-11 13:21:52'),
(581, 30, NULL, 'W którym języku jest zapisany obraz SVG?', NULL, NULL, '2019-02-11 13:25:11', '2019-02-11 13:25:11'),
(582, 30, NULL, 'Jakie typy danych mogą być w pliku JSON?', NULL, NULL, '2019-02-11 13:27:07', '2019-02-11 13:27:07'),
(583, 30, NULL, 'Które z cech nie dotyczą stylu architektonicznego REST?', NULL, NULL, '2019-02-11 13:31:55', '2019-02-11 13:31:55'),
(584, 30, NULL, 'Które selektory opisują pseudoklasy CSS?', NULL, NULL, '2019-02-11 13:33:55', '2019-02-11 13:33:55'),
(585, 30, NULL, 'Kod PHP powinien być umieszczony pomiędzy tagami:', NULL, NULL, '2019-02-11 13:37:28', '2019-02-11 13:37:28'),
(586, 30, NULL, 'Jak poprawnie napisać warunek IF w JavaScript?', NULL, NULL, '2019-02-11 13:42:32', '2019-02-11 13:42:32'),
(587, 30, NULL, 'Jak wywołać okno alertowe? (JavaScript)', NULL, NULL, '2019-02-11 13:45:23', '2019-02-11 13:45:23'),
(588, 30, NULL, 'Jaki typ posiada tag przedstawiony na zdjęciu poniżej?', NULL, 'https://i.imgur.com/wMWClh1.jpg', '2019-02-11 13:49:20', '2019-02-11 13:49:20'),
(589, 30, NULL, 'Która z opcji posiada poprawną składnię CSS?', NULL, NULL, '2019-02-11 13:51:21', '2019-02-11 13:51:21'),
(590, 30, NULL, 'Jaki jest poprawny sposób tworzenia funkcji w PHP?', NULL, NULL, '2019-02-11 14:05:01', '2019-02-11 14:05:01'),
(591, 30, NULL, 'Jaka jest domyślna wartość właściwości position? (CSS)', NULL, NULL, '2019-02-11 14:22:42', '2019-02-11 14:22:42'),
(592, 30, NULL, 'Które tagi XML są poprawne?', NULL, NULL, '2019-02-11 14:24:02', '2019-02-11 14:24:02'),
(593, 30, NULL, 'Prostą animację można wykonać w oparciu o atrybut:', NULL, 'https://www.kirupa.com/html5/images/transition_example2.png', '2019-02-11 14:29:20', '2019-02-11 14:29:20'),
(594, 30, NULL, 'Który atrybut HTML określa alternatywny tekst, w przypadku gdy obraz nie może zostać wyświetlony?', NULL, NULL, '2019-02-11 14:31:11', '2019-02-11 14:31:11'),
(595, 30, NULL, 'Który zapis wybiera wszystkie elementy p wewnątrz elementu div? (CSS)', NULL, NULL, '2019-02-11 14:33:58', '2019-02-11 14:33:58'),
(596, 30, NULL, 'Który z tagów HTML wstawia znak nowej linii?', NULL, NULL, '2019-02-11 14:36:59', '2019-02-11 14:36:59'),
(597, 30, NULL, 'Efekt warstw można uzyskać wykorzystując atrybut:', NULL, 'https://www.xul.fr/images/z-index.jpg', '2019-02-11 14:42:05', '2019-02-11 14:42:05'),
(598, 30, NULL, 'W którym miejscu dokumentu HTML można umieszczać kod JavaScript?', NULL, NULL, '2019-02-11 14:44:41', '2019-02-11 14:44:41'),
(599, 30, NULL, 'Jak sprawić, aby każda pierwsza litera słowa zaczynała się dużą literą? (CSS)', NULL, NULL, '2019-02-11 14:46:46', '2019-02-11 14:46:46'),
(600, 31, NULL, 'Kiedy garbage collector wie, że może usunąć instancje obiektu?', NULL, NULL, '2019-02-11 14:47:02', '2019-02-11 14:47:02'),
(601, 31, NULL, 'Co oznacza O w akronimie SOLID?', NULL, NULL, '2019-02-11 14:48:28', '2019-02-11 14:48:28'),
(602, 30, NULL, 'Który z napisów będzie większy? (HTML)', '字!DOCTYPE html汉\n字html汉\n字head汉\n    字title汉Tytuł字/title汉\n字/head汉\n字body汉\n    字h2汉Napis pierwszy字/h2汉\n    字p汉Napis Drugi.字/p汉\n字/body汉\n字/html汉', NULL, '2019-02-11 14:48:55', '2019-02-11 14:48:55'),
(603, 31, NULL, 'Co oznacza S w akronimie SOLID?', NULL, NULL, '2019-02-11 14:49:12', '2019-02-11 14:49:12'),
(604, 31, NULL, 'Jak powinna być nazywana metoda testu służąca do przetestowania metody calculateSum sprawdzająca czy został rzucony ArithmeticException?', NULL, NULL, '2019-02-11 14:49:46', '2019-02-11 14:49:46'),
(605, 31, NULL, 'Czy klasa dziedzicząca z klasy abstrakcyjnej posiada konstruktor domyślny?', NULL, NULL, '2019-02-11 14:50:38', '2019-02-11 14:50:38'),
(606, 31, NULL, 'Co oznacza Interface segregation principale?', NULL, NULL, '2019-02-11 14:51:11', '2019-02-11 14:51:11'),
(607, 30, NULL, 'Poniższy ukłąd strony powsstał w oparciu o elementy div. Jaki należy nadać styl klasom Nav, Article oraz Aside tak, aby układały się w sposób przedstawiony na obrazie?', NULL, 'https://www.quackit.com/pix/css/flexbox/examples/holy_grail_layout.gif', '2019-02-11 14:51:25', '2019-02-11 14:51:25'),
(608, 31, NULL, 'Jaką metodą można pobrać ilość dostępnej pamięci w JVM?', NULL, NULL, '2019-02-11 14:51:41', '2019-02-11 14:51:41'),
(609, 31, NULL, 'Co zwróci funckja po wywołąniu fun1(5)?', 'public int fun1(int n) {\n		if(n汉0) {\n			return n + fun1(n-1);\n		} else {\n			return 0;\n		}\n	}', NULL, '2019-02-11 14:52:04', '2019-02-11 14:52:04'),
(610, 30, NULL, 'Która superglobalna zmienna umożliwia odebranie danych przekazanych metodą GET w PHP?', NULL, NULL, '2019-02-11 14:53:12', '2019-02-11 14:53:12'),
(611, 30, NULL, 'Która składnia XML jest poprawna?', NULL, NULL, '2019-02-11 14:56:30', '2019-02-11 14:56:30'),
(612, 31, NULL, 'Enumw języku Java', NULL, NULL, '2019-02-11 14:56:50', '2019-02-11 14:56:50'),
(613, 31, NULL, 'Jaki będzie wynik działania progamu?', 'class A \n{\n    final public int GetResult(int a, int b) { return 0; } \n} \nclass B extends A \n{ \n    public int GetResult(int a, int b) {return 1; } \n} \npublic class Test \n{\n    public static void main(String args[]) \n    { \n        B b = new B(); \n        System.out.println(”x = ” + b.GetResult(0, 1));  \n    } \n}', NULL, '2019-02-11 14:57:30', '2019-02-11 14:57:30'),
(614, 31, NULL, 'Które dwa wyrażenia są sobie równe?', '3/2\n    3字2\n    3*4\n    3字字2', NULL, '2019-02-11 14:58:39', '2019-02-11 14:58:39'),
(615, 31, NULL, 'Jakie słowo kluczowe przerywa wykonywanie pętli?', NULL, NULL, '2019-02-11 14:59:14', '2019-02-11 14:59:14'),
(616, 30, NULL, 'Jaki styl powinna mieć klasa ”myDiv”, jeśli chcemy uzyskać efekt jak na obrazie?', '字div class=”myDiv” style=”margin:100px; padding:100px;”汉\n    Hello World\n字/div汉', 'http://s2.ifotos.pl/img/Przechwyt_qwenash.jpg', '2019-02-11 15:02:16', '2019-02-11 15:02:16'),
(617, 33, NULL, 'Który atrybut HTML jest używany, aby określić że pole typu input musi zostać wypełnione?', NULL, NULL, '2019-02-11 15:48:22', '2019-02-11 15:48:22'),
(618, 33, NULL, 'Jaki jest poprawny sposób ustawienia koloru tła? (CSS)', NULL, NULL, '2019-02-11 15:51:11', '2019-02-11 15:51:11'),
(619, 33, NULL, 'Jaki jest poprawny sposób zaimportowania kodu JS z osobnego pliku?', NULL, NULL, '2019-02-11 15:53:29', '2019-02-11 15:53:29'),
(620, 33, NULL, 'Które stwierdzenia są prawdziwe?', NULL, NULL, '2019-02-11 15:56:40', '2019-02-11 15:56:40'),
(621, 33, NULL, 'Które z cech nie są charakterystyczne dla aplikacji PWA?', NULL, NULL, '2019-02-11 15:58:30', '2019-02-11 15:58:30'),
(622, 33, NULL, 'Który fragment kodu jest poprawny, jeżeli chcemy zmienić zawartość elementu HTML widocznego poniżej?', '字p id=”demo”汉To jest przykład.字/p汉', NULL, '2019-02-11 16:00:26', '2019-02-11 16:00:26'),
(623, 33, NULL, 'Za pomocą jakiej konstrukcji można uzyskać efekt przedstawiony na obrazie?', NULL, 'https://brolik.com/blog/wp-content/uploads/2014/11/BRO_ResponsiveMenu_Header3.jpg', '2019-02-11 16:02:22', '2019-02-11 16:02:22'),
(624, 33, NULL, 'Jaki jest poprawny sposób dołączenia pliku ”paczka.inc”? (PHP)', NULL, NULL, '2019-02-11 16:03:40', '2019-02-11 16:03:40'),
(625, 33, NULL, 'Czym jest JSON?', NULL, NULL, '2019-02-11 16:08:38', '2019-02-11 16:08:38'),
(626, 33, NULL, 'Jaki jest poprawny sposób dodania wartości 1 do zmiennej $licznik która przechowuje liczby całkowite? (PHP)', NULL, NULL, '2019-02-11 16:14:59', '2019-02-11 16:14:59'),
(627, 33, NULL, 'Co zostanie wypisane w konsoli przez następujący kod? (JavaScript)', 'var x = 10;\nvar y = ”10”;\nif (x==y){\n   console.log(“a”);\n}if (x===y){\n  console.log(“b”);\n}else console.log(x);\nconsole.log(“5”);', NULL, '2019-02-11 16:17:06', '2019-02-11 16:17:06'),
(628, 33, NULL, 'Która składnia jest prawidłowa, gdy jej zadaniem jest pogrubienie wszystkich elementów w tagu span? (CSS)', NULL, NULL, '2019-02-11 16:21:49', '2019-02-11 16:21:49'),
(629, 33, NULL, 'Poniższy efekt można uzyskać dzięki atrybutowi', NULL, 'http://www.paulund.co.uk/uploads/2012/01/CSS-Box-Shadow-Effects1-590x206.png', '2019-02-13 22:20:35', '2019-02-13 22:20:35'),
(630, 33, NULL, 'Które z jednostek długości w CSS są względne?', NULL, NULL, '2019-02-13 22:23:30', '2019-02-13 22:31:10'),
(631, 33, NULL, 'Co oznacza skrót XML?', NULL, NULL, '2019-02-13 22:23:50', '2019-02-13 22:23:50'),
(632, 33, NULL, 'Która deklaracja XML-a jest poprawna?', NULL, NULL, '2019-02-13 22:25:20', '2019-02-13 22:25:20'),
(633, 33, NULL, 'W pliku JSON dane typu string muszą być w', NULL, NULL, '2019-02-13 22:25:47', '2019-02-13 22:25:47'),
(634, 33, NULL, 'Zaznacz stwierdzenia prawdziwe', NULL, NULL, '2019-02-13 22:26:13', '2019-02-13 22:26:13'),
(635, 33, NULL, 'Czym jest SPA?', NULL, NULL, '2019-02-13 22:26:44', '2019-02-13 22:26:44'),
(636, 33, NULL, 'Który z podanych tagów HTML oznacza tekst istotny?', NULL, NULL, '2019-02-13 22:27:03', '2019-02-13 22:27:03'),
(637, 33, NULL, 'Element 字canvas汉 służy do:', NULL, NULL, '2019-02-13 22:27:30', '2019-02-13 22:27:30'),
(638, 33, NULL, 'Która składnia jest prawidłowa, gdy jej zadaniem jest pogrubienie wszystkich elementów w tagu span? (CSS)', NULL, NULL, '2019-02-13 22:27:53', '2019-02-13 22:27:53'),
(639, 33, NULL, 'W jaki sposób otworzyć link w nowym oknie? (HTML)', NULL, NULL, '2019-02-13 22:28:14', '2019-02-13 22:28:14'),
(640, 33, NULL, 'Wewnątrz jakiego tagu HTML umieszcza się skrypt JavaScript?', NULL, NULL, '2019-02-13 22:28:33', '2019-02-13 22:28:33'),
(641, 33, NULL, 'Przy użyciu którego tagu HTML można uzyskać efekt taki jak na obrazie?', NULL, 'data:image/png;base64,iVBORw0KGgoAAAANSUhEUgAAAPYAAABbCAIAAADP8u+vAAAAAXNSR0IArs4c6QAAAARnQU1BAACxjwv8YQUAAAAJcEhZcwAADsMAAA7DAcdvqGQAAAfMSURBVHhe7ZqrmupKEIXrLSJHjhyJ3BKJRCKRSB4hEomMRCKRSCQSiURGRs6pvlUql2HnzM45k12s/1uCaULTl9XV1c3QJwCmgcWBcWBxYBxYHBgHFgfGgcWBcWBxYBxYHBgHFgfGgcWBcWBxYBxYHBgHFgfGGdHiXBUEBU2IEVujewi9uCbEiK3RPYReXBNixNboHkIvrgkxYmt0D6EX14QYsTW6h5Z1XFFG9L6ie+etv0wX0hwenQe+rwkxYmt0D39Od5r7CZutv7BgRfuFe2B17Lw1RFfn70B+7bz706outLu0C5/pRr9ib/7Y4hVtd/LnhBixNdK9n9R152ZrVVDVeStKha5L661hmm4UryifUf6vLP4gv94df2jxS86LXv6cECO2Rrr3cyppldHueXD9wyg+WVVULF2/fsTit8JvbrA49F+ppDwlHP+/xTl+x+TNtMUfBxmqAPdWDV/ADaLKE/b7+EIIo+y2vASXPA7xdYCzi+pGG59xLwoZUyovtJ7HsZ6t6Hir32KpKptkdK56Dl7yFe9LupSpnuZjLTPdjrSa+Tcymq/prB0zrP72GC7o4cvrxqcSrepKczkfCOrJ8kb5it64kBu2oZt0h9W1eGvWkmuve5pxFRkt91SWtAnlvCWGo0+TwyPaYgpwQ0eijBulY5nGt6TtRyyr8wc+4mR07Lj5qIb+XrjRDM+wylN8hjnrGU0TeT/w42xtbxcOad5qy0P8OCvPqJAGXPnByEKeUQev/cG1sGau0m71mLZ46Ei29E/eaek/3lgDQ+pPLXesqZTPflKxoGzd42+RDGRr4d2P3tw8MryS796+4XV4oDeKl/zllP2iUypx08EtOrnX5ZXW3Mg6YKtJNB3Fmfo2gynusbe7ZPFsG4+A5ZHmKvoW6TObc13IYxoGNEpFwXBVwp7mmYv1pO/9larldwOyrnb1Yb/+xoZ31WRnb269VRdKbVfTrx4TM1Vnv8BUFy5b/3dGJ1m3A+uXMQzbSyj0ba6r6lO/xVNtcvAIG8WHjEafxXn0WofpMIl1OOA1/KIW97cNgTiIHC8X7TnjUdYBu55pMVxF+Zyu6QEnZfFWlGLJENdzkJ6XdSV6HKMdmcatn5rsaAhVIiu21+KSYEiJrLF6MQ+sX3VHPstDNFdLtFe9Fpeq2k39SMOr2hAsfj/RctvYQFi8Bwbmec9O8loWl3gWBpE7z3FUHLDlIMdxZdUeQQmr7gGflugw76Qs3g1mslFsZXbleZnLoIo2abayTdP9ncnudXNPod/WA4fk1Pr8IPnGwPpZnUB+WjfWQK96LV5IbtQhDmOzVdedm75GY7zCVWyAE5hD85zzWhZnD22Th/IzbWfOYZyZBDim3oqe27p6YXj381agw7yTsnj3Mrtndr94/iqPqkQ/aqAFu4XdD2qLy7FvYP1e500sd2NV0qoTFLrqtbgU6iSwIdWGeQo0jWQ9iZeZRqeRL2Zx1WHOOGdhe+VJikW0+CKnlEi8O9Cik108t7h8tsfiOopLdNT5g2igBbuFOop3Lf6NKM66puTtgw5F3Nyeq9/iKdzUyXdLqg2838rcfXSn4JNuzVOyhKGXs3g9PSrFrGNAKz1I0jeDPTP61OLncLZToaWuTX2d5EscpcT3fK7t3bJbJc8srhItOd3KrMsJeGj9SXVrm+fOr9Rr8XrYPxqB+VKkY0+nVYd0LdYf+B+07VzAv57FJayq+wpORQJf7piS4bSy56CnFpdLQDluhksuRjzH+b0EoDpl5y/luQ+vB1qwr1Aql5pjpvHFjcoQi0vy9mUAbkpsxoNQ3Sn3Q6F7nS3p6htzP7ocMn6w2yrelMJnsrpV+UJdsNzj7Wd3PXNd94oKdySdENzEsUhDkBzWSAaCg58GpJ5PJel78Xaa7nXd+7ls3ovPdymEeysHspQ5PG7u3qZeUfrCO0yeKqk3lt7CFC9b9+KNe8+B9SuFzeG3B80g2cocamnJHZcwy9VG2m2VChBcT+FPlrylvC3ij1nl2e3S3FO5WqmPUh7f6wkxYmtih5181tvyIs9B9wqvIZ+ydx2sc5hAfTmoHzvXv26+z2mvTKMvBNqE46DaJQIcBSW8BVxI6z6mom/96ybbqPXz6sD65Xkvd0wfcNCM4vDp/z+se+PBOfTCNyx7p3WhKuztjorrAS487OhR0mlH7/wFb7TKVVD3uhX+rYw2vIe4kgkxYmvqDn9TnG88XwMvJl6ZQw6ak9SEGLE1uoffEad0f+2M/ifK3wYdNCepCTFia3QPh8r973UWnb1r/aL5gnrQ6t1lGmfO1q6//0VzwpoQI7ZG93CYqnSjnLsDZeNw9pKq0qma09/Ttv8HhL9EE2LE1ugeDtX9RPP0L5rIwlmnjfv3Mj4X7tP9xt+pCTGt1gAwOrA4MA4sDowDiwPjwOLAOLA4MA4sDowDiwPjwOLAOLA4MA4sDowDiwPjwOLAOLA4MA4sDowDiwPjwOLAOLA4MA4sDowDiwPjwOLAOLA4MA4sDowDiwPjwOLAOLA4MA4sDowDiwPjwOLAOLA4MA4sDowDiwPjwOLAOLA4MA4sDowDiwPjwOLAOLA4MA4sDowDiwPjwOLAOLA4MA4sDowDiwPjwOLAOLA4MA4sDowDiwPjwOLAOLA4MA4sDowDiwPTfH7+A+o93KPD0IlPAAAAAElFTkSuQmCC', '2019-02-13 22:29:10', '2019-02-13 22:29:10'),
(642, 33, NULL, 'Jakie wartości będą miały zmienne pos i pos2 po wykonaniu kodu? (JavaScript)', '字script汉\n	var str = ”To jest test demo”;\n	var pos = str.indexOf(”jest”);\n	var pos2 = str.indexOf(”web”);\n字/script汉', NULL, '2019-02-13 22:30:07', '2019-02-13 22:30:07'),
(644, 31, NULL, 'Czy klasa może dziedziczyć kilka interfejsów?', NULL, NULL, '2019-02-13 22:45:39', '2019-02-13 22:45:39'),
(645, 31, NULL, 'Jaką wartość powinna zwracać metoda hashCode?', NULL, NULL, '2019-02-13 22:46:05', '2019-02-13 22:46:05'),
(646, 31, NULL, 'Kiedy najlepiej wykorzystać konstruktor String?', NULL, NULL, '2019-02-13 22:46:32', '2019-02-13 22:46:32'),
(647, 31, NULL, 'Po co stosuje się klasy abstrakcyjne?', NULL, NULL, '2019-02-13 22:46:52', '2019-02-13 22:46:52'),
(648, 31, NULL, 'Które deklaracje pól klasy nie są poprawne?', NULL, NULL, '2019-02-13 22:47:31', '2019-02-13 22:47:31'),
(649, 31, NULL, 'Jaki będzie wynik działania programu?', 'public class ArrayTest \n{ \n    public static void main(String[ ] args)\n    { \n        float f1[ ], f2[ ]; \n        f1 = new float[10]; \n        f2 = f1; \n        System.out.println(”f2[0] = ” + f2[0]); \n    } \n}', NULL, '2019-02-13 22:48:00', '2019-02-13 22:48:00'),
(650, 31, NULL, 'Który zapis się nie skompiluje?', NULL, NULL, '2019-02-13 22:48:47', '2019-02-13 22:48:47'),
(651, 31, NULL, 'Który interfejs tablicy zapewnia brak duplikatów oraz zachowanie kolejności naturalnej?', NULL, NULL, '2019-02-13 22:49:22', '2019-02-13 22:49:22'),
(652, 31, NULL, 'Kóry konstruktor jest poprawny dla obiektu klasy Thread', NULL, NULL, '2019-02-13 22:50:06', '2019-02-13 22:50:06'),
(653, 31, NULL, 'Jaki jest poprawny zapis w klasie dziedziczącej z klasy A?', 'class A \n{  \n    protected int method1(int a, int b) \n    {\n        return 0; \n    } \n}', NULL, '2019-02-13 22:50:35', '2019-02-13 22:50:35'),
(654, 31, NULL, 'Jaka metoda nie gwarantuje zatrzymanie wykonywania się wątku?', NULL, NULL, '2019-02-13 22:51:04', '2019-02-13 22:51:04'),
(655, 31, NULL, 'Który zapis jest poprawny?', NULL, NULL, '2019-02-13 22:53:13', '2019-02-13 22:53:13'),
(656, 31, NULL, 'Które słowa są zarezerwowane przez Javę?', NULL, NULL, '2019-02-13 22:53:38', '2019-02-13 22:53:38'),
(657, 31, NULL, 'Który zapis powoduje błąd kompilacji?', NULL, NULL, '2019-02-13 22:55:43', '2019-02-13 22:55:43'),
(658, 31, NULL, 'Jaki będzie wynik działania programu?', 'int i = l, j = -1; \nswitch (i) \n{\n    case 0, 1: j = 1; /* Line 4 */\n    case 2: j = 2; \n    default: j = 0; \n} \nSystem.out.println(”j = ” + j);', NULL, '2019-02-13 22:56:18', '2019-02-13 22:56:18'),
(659, 31, NULL, 'Który interfejs umożliwia utworzenie tablicy assocjacyjnej?', NULL, NULL, '2019-02-13 22:56:42', '2019-02-13 22:56:42'),
(660, 31, NULL, 'Jaki będzie wynik działania programu?', 'int i = (int) Math.random();', NULL, '2019-02-13 22:57:51', '2019-02-13 22:57:51'),
(661, 31, NULL, 'Która metoda umożliwia programiście usunięcie objektu x?', NULL, NULL, '2019-02-13 22:58:14', '2019-02-13 22:58:14');

--
-- Zrzut danych tabeli `subjects`
--

INSERT IGNORE INTO `subjects` (`id`, `name`, `idAuthor`, `noQuestions`, `multipleChoice`, `separatePage`, `canBack`, `limitedTime`, `time`, `course`, `description`, `shared`, `categorysed`, `randomize`, `subject`, `created_at`, `updated_at`) VALUES
(30, 'Test wiedzy ogólnej', 22, NULL, 1, 1, 1, 1, 40, 'tsw', 'Test przygotowany w celu demonstracji działania systemu.', NULL, NULL, 0, 'web', '2019-02-11 13:00:52', '2019-02-11 13:00:52'),
(31, 'Java', 22, NULL, 0, 0, 0, 1, 20, 'java', NULL, NULL, NULL, 0, 'java', '2019-02-11 14:42:35', '2019-02-13 22:44:10'),
(33, 'Web', 22, NULL, 1, 1, 0, 1, 20, 'web', NULL, NULL, NULL, 0, 'web', '2019-02-11 15:46:34', '2019-02-13 22:19:18');

--
-- Zrzut danych tabeli `users`
--

INSERT IGNORE INTO `users` (`id`, `name`, `surname`, `email`, `email_verified_at`, `password`, `role`, `course`, `remember_token`, `created_at`, `updated_at`, `api_token`) VALUES
(21, 'Kacper', 'Walczak', 'student', NULL, '$2y$10$BFsvY93/4WXYyvz1N5IPs.0SQGC/tGLEHKQ0KntGNlDnIOTQLIacu', 's', 'tsw', NULL, '2019-02-13 17:40:04', '2019-02-13 18:34:27', NULL),
(22, 'Sebastian', 'Andrzejewski', 'nauczyciel', NULL, '$2y$10$ClT/Fp4tav/xA1pgpynuEeswhqr62pY9f2j0gYrW9FqliFvYT6kMO', 'n', '-', NULL, '2019-02-13 17:41:07', '2019-02-13 17:41:07', NULL);
COMMIT;

/*!40101 SET CHARACTER_SET_CLIENT=@OLD_CHARACTER_SET_CLIENT */;
/*!40101 SET CHARACTER_SET_RESULTS=@OLD_CHARACTER_SET_RESULTS */;
/*!40101 SET COLLATION_CONNECTION=@OLD_COLLATION_CONNECTION */;
