
CREATE DATABASE WEB_PROJECT;

SET SQL_MODE = "NO_AUTO_VALUE_ON_ZERO";
SET AUTOCOMMIT = 0;
START TRANSACTION;
SET time_zone = "+00:00";


/*!40101 SET @OLD_CHARACTER_SET_CLIENT=@@CHARACTER_SET_CLIENT */;
/*!40101 SET @OLD_CHARACTER_SET_RESULTS=@@CHARACTER_SET_RESULTS */;
/*!40101 SET @OLD_COLLATION_CONNECTION=@@COLLATION_CONNECTION */;
/*!40101 SET NAMES utf8mb4 */;



CREATE TABLE `ANSWER` (
  `ID` int(11) NOT NULL,
  `ID_QUESTION` int(11) NOT NULL,
  `TEXT` blob NOT NULL
) ENGINE=InnoDB DEFAULT CHARSET=utf8 COLLATE=utf8_unicode_ci;

--
-- Zrzut danych tabeli `ANSWER`
--

INSERT INTO `ANSWER` (`ID`, `ID_QUESTION`, `TEXT`) VALUES
(1, 1, 0x4d617273686d616c6c6f772070756464696e672063686f636f6c61746520626172206170706c65207069652e20506f7764657220737765657420726f6c6c20636f6f6b696520736f7566666cc3a920746f6f7473696520726f6c6c2062726f776e69652e2047756d6d6920626561727320746f666665652064657373657274206c656d6f6e2064726f7073206f61742063616b652e),
(2, 1, 0x4a656c6c792d6f206a656c6c79206c6f6c6c69706f702e20546f7070696e672064726167c3a9652073776565742063686565736563616b6520626f6e626f6e2063616b6520746f6f7473696520726f6c6c2064616e69736820636172616d656c732e20546f7070696e67206f61742063616b652067756d6d69206265617273206f61742063616b652e2050),
(3, 1, 0x436875706120636875707320737765657420726f6c6c2070696520646f6e75742e20436172726f742063616b65206d617273686d616c6c6f772063616b652069636520637265616d206170706c65207069652063686565736563616b65206a656c6c792d6f2e2043686f636f6c6174652062617220736573616d6520736e6170732070756464696e6720746172742063726f697373616e74206f61742063616b652069636520637265616d206c6971756f726963652e),
(4, 1, 0x48616c7661682068616c7661682063686f636f6c6174652063616b6520746172742063686f636f6c6174652063616b6520626f6e626f6e20746f7070696e67206d61727a6970616e2e2047756d6d6965732063616b65206a656c6c7920737765657420726f6c6c20746972616d697375206c6971756f726963652e204a656c6c79206d616361726f6f6e2067756d6d6965732073776565742070756464696e67206d61727a6970616e2e),
(5, 4, 0x42726f776e6965206d61727a6970616e206f61742063616b65206a756a756265732064616e6973682063726f697373616e742067756d6d6920626561727320636f6f6b69652070756464696e672e2043726f697373616e74206a656c6c7920746172742e204465737365727420746f7070696e6720746972616d6973752e20537567617220706c756d207461727420636f74746f6e2063616e64792e2050),
(6, 4, 0x43726f697373616e74207069652063757063616b652e2047756d6d69206265617273206a656c6c79206265616e7320737567617220706c756d2063616b65206265617220636c617720626973637569742e20536f7566666cc3a920746172742063616b6520626973637569742068616c766168206c6971756f726963652e),
(7, 4, 0x436f74746f6e2063616e64792064616e69736820626f6e626f6e2064726167c3a9652e2043616b6520746972616d6973752063616b652063616b652063686f636f6c6174652e20436172726f742063616b65206465737365727420736f7566666cc3a9206265617220636c61772e2050),
(8, 4, 0x546172742063686f636f6c6174652063616b652067696e676572627265616420746f66666565206a656c6c792e2043687570612063687570732063686565736563616b6520706173747279206a756a75626573206a656c6c792063686f636f6c6174652063616b652067696e67657262726561642063686f636f6c6174652063616b6520636f74746f6e2063616e64792e204d756666696e206c656d6f6e2064726f7073207761666572206265617220636c617720636172726f742063616b65206a756a7562657320636172726f742063616b652e),
(9, 4, 0x436f74746f6e2063616e64792063686f636f6c6174652063616b6520736f7566666cc3a92e204269736375697420626973637569742064616e697368207761666572206c656d6f6e2064726f70732063686f636f6c61746520626172207761666572207061737472792e204170706c65207069652067756d6d69657320636172616d656c7320636f74746f6e2063616e64792e20546972616d6973752067756d6d69657320706965206a656c6c79206265616e732e),
(10, 5, 0x546972616d6973752077616665722067756d6d6965732e204d61727a6970616e2063757063616b6520706f776465722e204c6971756f72696365206170706c6520706965206d616361726f6f6e20746f6f7473696520726f6c6c207069652e2050),
(11, 5, 0x53776565742063616b65207461727420736f7566666cc3a9206a656c6c79206265616e73206d617273686d616c6c6f772e204963696e67206265617220636c6177206c656d6f6e2064726f70732e20546f6666656520706f7764657220636f6f6b696520667275697463616b652069636520637265616d207069652e),
(12, 5, 0x4d756666696e20746972616d6973752070756464696e67207761666572206d617273686d616c6c6f772063686565736563616b652e204d616361726f6f6e2069636520637265616d206d617273686d616c6c6f772063616e64792063616e6573206265617220636c617720736573616d6520736e61707320646f6e75742e204c6f6c6c69706f70206f61742063616b65206265617220636c617720746f6666656520737567617220706c756d206a656c6c792063616b652e2047696e6765726272656164206963696e67206d756666696e206d756666696e2e2050),
(13, 5, 0x4465737365727420636172616d656c7320746f666665652063686565736563616b65206d617273686d616c6c6f772e20436f74746f6e2063616e6479206d756666696e20746972616d6973752e204963696e672070756464696e672062697363756974206a656c6c79206170706c6520706965206c6f6c6c69706f702063616e64792063616e65732e),
(14, 6, 0x4c6971756f726963652064657373657274206c6f6c6c69706f7020737765657420726f6c6c2063616b6520636f6f6b696520636172616d656c7320737567617220706c756d2e204c6f6c6c69706f702067756d6d692062656172732063686565736563616b6520737765657420726f6c6c2063616b652063616e64792063616e65732e2043686f636f6c6174652063616b6520636172726f742063616b65206a656c6c792d6f2e),
(15, 6, 0x436172726f742063616b65206a756a756265732063726f697373616e74206c6f6c6c69706f7020636f74746f6e2063616e647920636172616d656c73206a656c6c79206265616e732e20537567617220706c756d2063687570612063687570732067696e676572627265616420706f776465722e204a756a7562657320746f6f7473696520726f6c6c2067756d6d69206265617273206c6971756f7269636520746972616d6973752068616c7661682e),
(16, 6, 0x436172726f742063616b6520746172742067756d6d69657320646f6e757420646f6e75742070756464696e672063686f636f6c6174652063616b652077616665722e2043726f697373616e7420706965206a756a75626573206a656c6c792d6f2063616e64792063616e65732070756464696e6720636f6f6b6965206f61742063616b652e2054617274206f61742063616b65206d61727a6970616e2062697363756974206d616361726f6f6e20737765657420726f6c6c2e),
(17, 6, 0x43726f697373616e742063686f636f6c6174652063616b65206f61742063616b6520746972616d6973752063686565736563616b65206a656c6c79206265616e732063616e64792e20546f6f7473696520726f6c6c20746f6f7473696520726f6c6c20636172616d656c73207761666572206c6971756f72696365207377656574206963696e672063616e6479206f61742063616b652e2043616e64792063616e65732063686f636f6c617465206c656d6f6e2064726f7073206d616361726f6f6e20706173747279206a656c6c792d6f20737765657420726f6c6c2063686f636f6c6174652063616b652e2044726167c3a9652063616e64792063616e65732063757063616b6520737765657420726f6c6c2067756d6d6965732063686f636f6c6174652e2050);

-- --------------------------------------------------------

--
-- Struktura tabeli dla tabeli `ANSWER_STATUS`
--

CREATE TABLE `ANSWER_STATUS` (
  `ID` int(11) NOT NULL,
  `ID_QUESTION` int(11) NOT NULL,
  `IS_TRUE` tinyint(1) NOT NULL
) ENGINE=InnoDB DEFAULT CHARSET=utf8 COLLATE=utf8_unicode_ci;

--
-- Zrzut danych tabeli `ANSWER_STATUS`
--

INSERT INTO `ANSWER_STATUS` (`ID`, `ID_QUESTION`, `IS_TRUE`) VALUES
(1, 1, 0),
(2, 1, 1),
(3, 1, 0),
(4, 1, 0),
(5, 4, 1),
(6, 4, 0),
(7, 4, 1),
(8, 4, 0),
(9, 4, 0),
(10, 5, 1),
(11, 5, 0),
(12, 5, 1),
(13, 5, 0),
(14, 6, 0),
(15, 6, 0),
(16, 6, 0),
(17, 6, 1);

-- --------------------------------------------------------

--
-- Struktura tabeli dla tabeli `CATEGORY`
--

CREATE TABLE `CATEGORY` (
  `ID` int(11) NOT NULL,
  `NAME` varchar(128) COLLATE utf8_unicode_ci NOT NULL
) ENGINE=InnoDB DEFAULT CHARSET=utf8 COLLATE=utf8_unicode_ci;

--
-- Zrzut danych tabeli `CATEGORY`
--

INSERT INTO `CATEGORY` (`ID`, `NAME`) VALUES
(1, 'Kategoria_1'),
(2, 'Kategoria_2'),
(3, 'Kategoria_3'),
(4, 'Kategoria_4');

-- --------------------------------------------------------

--
-- Struktura tabeli dla tabeli `QUESTION`
--

CREATE TABLE `QUESTION` (
  `ID` int(11) NOT NULL,
  `ID_SUBJECT` int(11) NOT NULL,
  `ID_CATEGORY` int(11) NOT NULL,
  `TEXT` blob NOT NULL,
  `CODE` blob,
  `IMAGE` blob
) ENGINE=InnoDB DEFAULT CHARSET=utf8 COLLATE=utf8_unicode_ci;

--
-- Zrzut danych tabeli `QUESTION`
--

INSERT INTO `QUESTION` (`ID`, `ID_SUBJECT`, `ID_CATEGORY`, `TEXT`, `CODE`, `IMAGE`) VALUES
(1, 1, 1, 0x43757063616b6520697073756d20646f6c6f722073697420616d657420667275697463616b652073776565742063616b652e204c656d6f6e2064726f7073206a656c6c792d6f206a656c6c792063687570612063687570732064726167c3a9652064726167c3a965206963696e6720636f6f6b696520736f7566666cc3a92e20546f6f7473696520726f6c6c20746f6666656520746f7070696e6720736f7566666cc3a92077616665722067756d6d692062656172732063616e64792063616e65732e, NULL, NULL),
(4, 1, 2, 0x426f6e626f6e2070696520646f6e75742e20436f6f6b6965206f61742063616b6520736f7566666cc3a92063616b6520626973637569742063686565736563616b652e2044657373657274206269736375697420736f7566666cc3a92e204c6971756f7269636520636f74746f6e2063616e647920736573616d6520736e6170732070756464696e672e, NULL, NULL),
(5, 1, 3, 0x546f7070696e672063686f636f6c6174652067756d6d6965732067696e67657262726561642067756d6d6965732e2043616b652063686f636f6c6174652062617220636f74746f6e2063616e64792e2049636520637265616d20626f6e626f6e2063687570612063687570732063616e64792063616e657320626f6e626f6e20746f6f7473696520726f6c6c206a656c6c7920736f7566666cc3a92e2043686f636f6c61746520636172616d656c73206d617273686d616c6c6f7720746f666665652e, NULL, 0x68747470733a2f2f7468756d62732e6766796361742e636f6d2f536e6f6f7079426f737379486f6e65796261646765722d73697a655f726573747269637465642e676966),
(6, 1, 1, 0x4a656c6c79206265616e73206d756666696e2063616e64792063757063616b6520737765657420726f6c6c206f61742063616b652e2044616e6973682067696e6765726272656164206963696e67206d616361726f6f6e2069636520637265616d2062726f776e6965206c656d6f6e2064726f70732063616e64792063616e6573206c6f6c6c69706f702e2043686f636f6c6174652062617220746f7070696e672067756d6d696573206d61727a6970616e20636172726f742063616b652063757063616b652e204c656d6f6e2064726f70732064616e69736820736f7566666cc3a9206265617220636c617720636f74746f6e2063616e647920636172616d656c73206963696e67206a656c6c792d6f2e, 0x3c21444f43545950452068746d6c3e0d0a3c68746d6c206c616e673d22706c2d504c223e0d0a20203c686561643e0d0a202020203c6d65746120636861727365743d227574662d38223e0d0a202020203c6d657461206e616d653d2276696577706f72742220636f6e74656e743d2277696474683d6465766963652d77696474682c20696e697469616c2d7363616c653d31223e0d0a20203c2f686561643e0d0a20203c626f64793e0d0a202020203c6865616465723e0d0a2020202020203c68313e74657374793c2f68313e0d0a202020203c2f6865616465723e0d0a202020203c666f6f7465723e0d0a202020202020436f707972696768742026636f70793b0d0a202020203c2f666f6f7465723e0d0a20203c2f626f64793e0d0a3c2f68746d6c3e, NULL);

-- --------------------------------------------------------

--
-- Struktura tabeli dla tabeli `SUBJECT`
--

CREATE TABLE `SUBJECT` (
  `ID` int(11) NOT NULL,
  `NAME` varchar(128) COLLATE utf8_unicode_ci NOT NULL,
  `ID_AUTHOR` int(11) DEFAULT NULL
) ENGINE=InnoDB DEFAULT CHARSET=utf8 COLLATE=utf8_unicode_ci;

--
-- Zrzut danych tabeli `SUBJECT`
--

INSERT INTO `SUBJECT` (`ID`, `NAME`, `ID_AUTHOR`) VALUES
(1, 'DEMO', NULL);

--
-- Indeksy dla zrzutów tabel
--

--
-- Indexes for table `ANSWER`
--
ALTER TABLE `ANSWER`
  ADD PRIMARY KEY (`ID`),
  ADD KEY `ID_QUESTION` (`ID_QUESTION`);

--
-- Indexes for table `ANSWER_STATUS`
--
ALTER TABLE `ANSWER_STATUS`
  ADD PRIMARY KEY (`ID`),
  ADD KEY `ID_QUESTION` (`ID_QUESTION`);

--
-- Indexes for table `CATEGORY`
--
ALTER TABLE `CATEGORY`
  ADD PRIMARY KEY (`ID`),
  ADD KEY `ID` (`ID`);

--
-- Indexes for table `QUESTION`
--
ALTER TABLE `QUESTION`
  ADD PRIMARY KEY (`ID`),
  ADD KEY `ID` (`ID`),
  ADD KEY `ID_SUBJECT` (`ID_SUBJECT`),
  ADD KEY `ID_CATEGORY` (`ID_CATEGORY`);

--
-- Indexes for table `SUBJECT`
--
ALTER TABLE `SUBJECT`
  ADD PRIMARY KEY (`ID`),
  ADD KEY `ID` (`ID`),
  ADD KEY `ID_2` (`ID`);

--
-- AUTO_INCREMENT for dumped tables
--

--
-- AUTO_INCREMENT dla tabeli `ANSWER`
--
ALTER TABLE `ANSWER`
  MODIFY `ID` int(11) NOT NULL AUTO_INCREMENT, AUTO_INCREMENT=18;
--
-- AUTO_INCREMENT dla tabeli `ANSWER_STATUS`
--
ALTER TABLE `ANSWER_STATUS`
  MODIFY `ID` int(11) NOT NULL AUTO_INCREMENT, AUTO_INCREMENT=18;
--
-- AUTO_INCREMENT dla tabeli `CATEGORY`
--
ALTER TABLE `CATEGORY`
  MODIFY `ID` int(11) NOT NULL AUTO_INCREMENT, AUTO_INCREMENT=5;
--
-- AUTO_INCREMENT dla tabeli `QUESTION`
--
ALTER TABLE `QUESTION`
  MODIFY `ID` int(11) NOT NULL AUTO_INCREMENT, AUTO_INCREMENT=7;
--
-- AUTO_INCREMENT dla tabeli `SUBJECT`
--
ALTER TABLE `SUBJECT`
  MODIFY `ID` int(11) NOT NULL AUTO_INCREMENT, AUTO_INCREMENT=2;
--
-- Ograniczenia dla zrzutów tabel
--

--
-- Ograniczenia dla tabeli `ANSWER`
--
ALTER TABLE `ANSWER`
  ADD CONSTRAINT `ANSWER_ibfk_1` FOREIGN KEY (`ID_QUESTION`) REFERENCES `QUESTION` (`ID`);

--
-- Ograniczenia dla tabeli `ANSWER_STATUS`
--
ALTER TABLE `ANSWER_STATUS`
  ADD CONSTRAINT `ANSWER_STATUS_ibfk_1` FOREIGN KEY (`ID_QUESTION`) REFERENCES `QUESTION` (`ID`),
  ADD CONSTRAINT `ANSWER_STATUS_ibfk_2` FOREIGN KEY (`ID`) REFERENCES `ANSWER` (`ID`);

--
-- Ograniczenia dla tabeli `QUESTION`
--
ALTER TABLE `QUESTION`
  ADD CONSTRAINT `QUESTION_ibfk_1` FOREIGN KEY (`ID_SUBJECT`) REFERENCES `SUBJECT` (`ID`),
  ADD CONSTRAINT `QUESTION_ibfk_2` FOREIGN KEY (`ID_CATEGORY`) REFERENCES `CATEGORY` (`ID`);
COMMIT;

/*!40101 SET CHARACTER_SET_CLIENT=@OLD_CHARACTER_SET_CLIENT */;
/*!40101 SET CHARACTER_SET_RESULTS=@OLD_CHARACTER_SET_RESULTS */;
/*!40101 SET COLLATION_CONNECTION=@OLD_COLLATION_CONNECTION */;
