-- phpMyAdmin SQL Dump
-- version 4.7.4
-- https://www.phpmyadmin.net/
--
-- Host: 127.0.0.1
-- Czas generowania: 07 Lis 2018, 15:06
-- Wersja serwera: 10.1.26-MariaDB
-- Wersja PHP: 7.1.9

SET SQL_MODE = "NO_AUTO_VALUE_ON_ZERO";
SET AUTOCOMMIT = 0;
START TRANSACTION;
SET time_zone = "+00:00";


/*!40101 SET @OLD_CHARACTER_SET_CLIENT=@@CHARACTER_SET_CLIENT */;
/*!40101 SET @OLD_CHARACTER_SET_RESULTS=@@CHARACTER_SET_RESULTS */;
/*!40101 SET @OLD_COLLATION_CONNECTION=@@COLLATION_CONNECTION */;
/*!40101 SET NAMES utf8mb4 */;

--
-- Baza danych: `web_project`
--

-- --------------------------------------------------------

--
-- Struktura tabeli dla tabeli `answer`
--

CREATE TABLE `answer` (
  `ID` int(11) NOT NULL,
  `ID_QUESTION` int(11) NOT NULL,
  `TEXT` blob NOT NULL
) ENGINE=InnoDB DEFAULT CHARSET=utf8 COLLATE=utf8_unicode_ci;

--
-- Zrzut danych tabeli `answer`
--

INSERT INTO `answer` (`ID`, `ID_QUESTION`, `TEXT`) VALUES
(1, 1, 0x4d617273686d616c6c6f772070756464696e672063686f636f6c61746520626172206170706c65207069652e20506f7764657220737765657420726f6c6c20636f6f6b696520736f7566666cc3a920746f6f7473696520726f6c6c2062726f776e69652e2047756d6d6920626561727320746f666665652064657373657274206c656d6f6e2064726f7073206f61742063616b652e),
(2, 1, 0x4a656c6c792d6f206a656c6c79206c6f6c6c69706f702e20546f7070696e672064726167c3a9652073776565742063686565736563616b6520626f6e626f6e2063616b6520746f6f7473696520726f6c6c2064616e69736820636172616d656c732e20546f7070696e67206f61742063616b652067756d6d69206265617273206f61742063616b652e2050),
(3, 1, 0x436875706120636875707320737765657420726f6c6c2070696520646f6e75742e20436172726f742063616b65206d617273686d616c6c6f772063616b652069636520637265616d206170706c65207069652063686565736563616b65206a656c6c792d6f2e2043686f636f6c6174652062617220736573616d6520736e6170732070756464696e6720746172742063726f697373616e74206f61742063616b652069636520637265616d206c6971756f726963652e),
(4, 1, 0x48616c7661682068616c7661682063686f636f6c6174652063616b6520746172742063686f636f6c6174652063616b6520626f6e626f6e20746f7070696e67206d61727a6970616e2e2047756d6d6965732063616b65206a656c6c7920737765657420726f6c6c20746972616d697375206c6971756f726963652e204a656c6c79206d616361726f6f6e2067756d6d6965732073776565742070756464696e67206d61727a6970616e2e),
(5, 4, 0x42726f776e6965206d61727a6970616e206f61742063616b65206a756a756265732064616e6973682063726f697373616e742067756d6d6920626561727320636f6f6b69652070756464696e672e2043726f697373616e74206a656c6c7920746172742e204465737365727420746f7070696e6720746972616d6973752e20537567617220706c756d207461727420636f74746f6e2063616e64792e2050),
(6, 4, 0x43726f697373616e74207069652063757063616b652e2047756d6d69206265617273206a656c6c79206265616e7320737567617220706c756d2063616b65206265617220636c617720626973637569742e20536f7566666cc3a920746172742063616b6520626973637569742068616c766168206c6971756f726963652e),
(7, 4, 0x436f74746f6e2063616e64792064616e69736820626f6e626f6e2064726167c3a9652e2043616b6520746972616d6973752063616b652063616b652063686f636f6c6174652e20436172726f742063616b65206465737365727420736f7566666cc3a9206265617220636c61772e2050),
(8, 4, 0x546172742063686f636f6c6174652063616b652067696e676572627265616420746f66666565206a656c6c792e2043687570612063687570732063686565736563616b6520706173747279206a756a75626573206a656c6c792063686f636f6c6174652063616b652067696e67657262726561642063686f636f6c6174652063616b6520636f74746f6e2063616e64792e204d756666696e206c656d6f6e2064726f7073207761666572206265617220636c617720636172726f742063616b65206a756a7562657320636172726f742063616b652e),
(9, 4, 0x436f74746f6e2063616e64792063686f636f6c6174652063616b6520736f7566666cc3a92e204269736375697420626973637569742064616e697368207761666572206c656d6f6e2064726f70732063686f636f6c61746520626172207761666572207061737472792e204170706c65207069652067756d6d69657320636172616d656c7320636f74746f6e2063616e64792e20546972616d6973752067756d6d69657320706965206a656c6c79206265616e732e),
(10, 5, 0x546972616d6973752077616665722067756d6d6965732e204d61727a6970616e2063757063616b6520706f776465722e204c6971756f72696365206170706c6520706965206d616361726f6f6e20746f6f7473696520726f6c6c207069652e2050),
(11, 5, 0x53776565742063616b65207461727420736f7566666cc3a9206a656c6c79206265616e73206d617273686d616c6c6f772e204963696e67206265617220636c6177206c656d6f6e2064726f70732e20546f6666656520706f7764657220636f6f6b696520667275697463616b652069636520637265616d207069652e),
(12, 5, 0x4d756666696e20746972616d6973752070756464696e67207761666572206d617273686d616c6c6f772063686565736563616b652e204d616361726f6f6e2069636520637265616d206d617273686d616c6c6f772063616e64792063616e6573206265617220636c617720736573616d6520736e61707320646f6e75742e204c6f6c6c69706f70206f61742063616b65206265617220636c617720746f6666656520737567617220706c756d206a656c6c792063616b652e2047696e6765726272656164206963696e67206d756666696e206d756666696e2e2050),
(13, 5, 0x4465737365727420636172616d656c7320746f666665652063686565736563616b65206d617273686d616c6c6f772e20436f74746f6e2063616e6479206d756666696e20746972616d6973752e204963696e672070756464696e672062697363756974206a656c6c79206170706c6520706965206c6f6c6c69706f702063616e64792063616e65732e),
(14, 6, 0x4c6971756f726963652064657373657274206c6f6c6c69706f7020737765657420726f6c6c2063616b6520636f6f6b696520636172616d656c7320737567617220706c756d2e204c6f6c6c69706f702067756d6d692062656172732063686565736563616b6520737765657420726f6c6c2063616b652063616e64792063616e65732e2043686f636f6c6174652063616b6520636172726f742063616b65206a656c6c792d6f2e),
(15, 6, 0x436172726f742063616b65206a756a756265732063726f697373616e74206c6f6c6c69706f7020636f74746f6e2063616e647920636172616d656c73206a656c6c79206265616e732e20537567617220706c756d2063687570612063687570732067696e676572627265616420706f776465722e204a756a7562657320746f6f7473696520726f6c6c2067756d6d69206265617273206c6971756f7269636520746972616d6973752068616c7661682e),
(16, 6, 0x436172726f742063616b6520746172742067756d6d69657320646f6e757420646f6e75742070756464696e672063686f636f6c6174652063616b652077616665722e2043726f697373616e7420706965206a756a75626573206a656c6c792d6f2063616e64792063616e65732070756464696e6720636f6f6b6965206f61742063616b652e2054617274206f61742063616b65206d61727a6970616e2062697363756974206d616361726f6f6e20737765657420726f6c6c2e),
(17, 6, 0x43726f697373616e742063686f636f6c6174652063616b65206f61742063616b6520746972616d6973752063686565736563616b65206a656c6c79206265616e732063616e64792e20546f6f7473696520726f6c6c20746f6f7473696520726f6c6c20636172616d656c73207761666572206c6971756f72696365207377656574206963696e672063616e6479206f61742063616b652e2043616e64792063616e65732063686f636f6c617465206c656d6f6e2064726f7073206d616361726f6f6e20706173747279206a656c6c792d6f20737765657420726f6c6c2063686f636f6c6174652063616b652e2044726167c3a9652063616e64792063616e65732063757063616b6520737765657420726f6c6c2067756d6d6965732063686f636f6c6174652e2050),
(18, 7, 0x53706f6f6e2c207269636820726f6173742c20666c61766f7572207374726f6e67207375676172206772696e6465722069642073686f702067616cc3a36f2e20557420626c61636b2c2065742c20666c61766f75722c206574207475726b6973682073776565742c206964206b6f70692d6c7577616b206372656d6120706572636f6c61746f722067726f756e64732e),
(19, 7, 0x4772696e64657220626f647920646f7070696f2066616972207472616465206166666f6761746f207374726f6e672064656361666665696e617465642e204672617070756363696e6f20626172697374612073696e676c652073686f742c20776869707065642061742063756c74697661722c20726f62757374206964206163657262696320746861742073756761722e),
(20, 7, 0x4372656d6120696e2066696c746572207472696665637461206461726b2063757020706572636f6c61746f72206661697220747261646520626f64792e205768697465206272657765642c20612077686970706564206661697220747261646520657874726120737465616d65642e2054726966656374612062726576652c206461726b20736974206d617a616772616e20697269736820706572636f6c61746f7220726f6275737420616d65726963616e6f2e2054686174207472696665637461206c756e676f2c20616d65726963616e6f2c206d696c6b2066726f7468206c756e676f20726f6275737461206461726b2e204261722c20616e642c20696e206261722c2064656361666665696e617465642073617563657220637265616d2066726f7468206d656469756d2073686f702e2050),
(21, 7, 0x46696c7465722069642074726966656374612c20616765642073696e676c65206f726967696e2c206661697220747261646520626172697374612076617269657479206f7267616e696320626172697374612e2050756d706b696e207370696365207475726b6973682c206772696e6465722c206361666665696e652c20657370726573736f20736970686f6e2072697374726574746f2064656361666665696e61746564206375702066696c7465722e20),
(22, 7, 0x51756920637570206361666665696e6520706572636f6c61746f722072697374726574746f2070756d706b696e2073706963652077696e6773206573742064726970706572206d617a616772616e20646f7070696f2e20437265616d2073696e676c65206f726967696e20626c7565206d6f756e7461696e2073706f6f6e2c206166746572746173746520736b696e6e7920726564657965207472696665637461206372656d612074726966656374612066696c7465722063696e6e616d6f6e2e2050),
(23, 8, 0x4772696e6465722c206d6f6368612063617070756363696e6f2c2065787472616374696f6e2063617070756363696e6f2067726f756e6473207377656574207265646579652074726966656374612e20496e7374616e7420726f627573742063757020636166c3a9206175206c61697420646f7070696f206661697220747261646520766172696574792072697374726574746f2e),
(24, 8, 0x4d656469756d2c206c756e676f2c20726963682063756c74697661722073776565742064656361666665696e617465642c206f7267616e69632c206461726b20697269736820757420626172697374612065787472612e2048616c6620616e642068616c6620626172206372656d6120666c61766f757220617320666c61766f75722c20657370726573736f20666f616d20636166c3a9206175206c6169742066696c746572206166666f6761746f2e20536b696e6e7920726f6275737461207361756365722c20626172697374612c2061636572626963206461726b2073686f702068616c6620616e642068616c6620646f7070696f2065787472612072656465796520636f666665652e),
(25, 8, 0x41206167656420636172616a696c6c6f206f7267616e696320726f627573746120726f6173742061726f6d61206d617a616772616e206d656469756d2e20537465616d656420616e6420697269736820706c756e67657220706f742c2061726162696361206166666f6761746f206372656d612c2077696e6773206372656d61207475726b697368206672656e6368207072657373206672617070756363696e6f2e20426172697374612c206d656469756d2c2064656361666665696e6174656420616d65726963616e6f2069636564206d656469756d20616d65726963616e6f2e2050),
(26, 9, 0x54686174207472696665637461206c756e676f2c20616d65726963616e6f2c206d696c6b2066726f7468206c756e676f20726f6275737461206461726b2e204261722c20616e642c20696e206261722c2064656361666665696e617465642073617563657220637265616d2066726f7468206d656469756d2073686f702e2050),
(27, 9, 0x4d696c6b2c20736f20726f627573742c206b6f70692d6c7577616b206375702061206d616363686961746f20726f6275737420737465616d65642e2048616c6620616e642068616c662c206d656469756d2073686f7020657874726120666f616d206b6f70692d6c7577616b2065742c20637265616d20626c61636b2065742070756d706b696e20737069636520636f666665652e204265616e73206672617070756363696e6f20726f617374206261726973746120747269666563746120736561736f6e616c2c20636f6e2070616e6e612073706f6f6e2065742072656465796520757420626c7565206d6f756e7461696e2e2050),
(28, 9, 0x546f20676f2065787472616374696f6e2c2067616cc3a36f206672656e63682070726573732063756c74697661722072697374726574746f20636f666665652e204b6f70692d6c7577616b2c2067616cc3a36f20736f2c206372656d6120696365642072697374726574746f206d616363686961746f2066726f74682e204b6f70692d6c7577616b2c206372656d61206163657262696320616e64207768697465207374726f6e672065787472612e2050),
(29, 9, 0x4964207574206261722c206b6f70692d6c7577616b20736f2064726970706572206265616e732072697374726574746f207669656e6e6573652e2046726f7468206672617070756363696e6f2c206173206361666665696e65206d616363686961746f2c2067726f756e647320666169722074726164652c206672617070756363696e6f20636f6666656520726f6275737420646f7070696f20726f627573742e2050),
(30, 10, 0x446f7070696f20616e642c20737465616d6564206972697368207574206672617070756363696e6f20726f627573742e2053756761722c2074726966656374612061742072697374726574746f206972697368206174207361756365722e20436f66666565206772696e646572206672656e636820707265737320637265616d20706572636f6c61746f7220736175636572206b6f70692d6c7577616b206c756e676f2e),
(31, 10, 0x576869707065642c2067616cc3a36f2063617070756363696e6f206120636172616d656c697a6174696f6e2c20726f62757374612077696e6773206d7567206b6f70692d6c7577616b20612073686f702e204d7567206a61766120737465616d656420736f2c2064656361666665696e6174656420636f727461646f20706572636f6c61746f7220626f64792067616cc3a36f2062617269737461207374726f6e672e),
(32, 10, 0x54726966656374612c20696365642c20617420636f6666656520616365726269632068616c6620616e642068616c662063696e6e616d6f6e2e20417261626963612c20776869746520737567617220616d65726963616e6f20746f20676f207669656e6e657365206272657765642e205661726965747920636f6666656520636f6e2070616e6e612063696e6e616d6f6e2c2061667465727461737465206c6174746520612073706f6f6e207361756365722e),
(33, 10, 0x41726f6d612c20636166c3a9206175206c6169742c206964206772696e64657220617420736b696e6e7920746f20676f2069636564206372656d612e20447269707065722063696e6e616d6f6e20757420626c7565206d6f756e7461696e2c20717569206d756720616365726269632067616cc3a36f206d656469756d2077696e67732063617070756363696e6f20616674657274617374652e2050),
(34, 11, 0x43617070756363696e6f2073706f6f6e2065787472612c207475726b69736820616d65726963616e6f20657520637265616d207265646579652063696e6e616d6f6e2e20457374206672617070756363696e6f2c206461726b206372656d612073706f6f6e20626c7565206d6f756e7461696e206372656d6120666f616d2073697420666f616d2e205175692073696e676c652073686f742c20637265616d2c20616d65726963616e6f2061732068616c6620616e642068616c662c206372656d61207475726b6973682077696e677320726f62757374612066696c74657220636f6e2070616e6e612e2050),
(35, 11, 0x437265616d20626c61636b2c20776869746520626c61636b2068616c6620616e642068616c6620726f6275737461206a61766120696e20697269736820636172616a696c6c6f2e2046696c746572206c756e676f2064656361666665696e617465642c20736b696e6e792c206a6176612c20736970686f6e2062617220626c7565206d6f756e7461696e2069636564206166666f6761746f2e),
(36, 11, 0x436166c3a9206175206c6169742065787472612c206d75672c206372656d612c2073776565742c20696e20726f6275737420626172697374612072697374726574746f20666c61766f7572207265646579652e204375702067616cc3a36f2c20627265766520736970686f6e206372656d612063617070756363696e6f20627265766520616674657274617374652077696e67732e2050),
(37, 11, 0x416d65726963616e6f20636869636f727920657370726573736f2c20696e20736974206575206772696e64657220636f666665652073696e676c652073686f742e20466c61766f757220646f7070696f2072697374726574746f20636172616a696c6c6f207374726f6e6720636172616a696c6c6f20636172616d656c697a6174696f6e2e20557420637570206173206c6174746520737465616d65642072656465796520696e7374616e742e),
(38, 12, 0x50756d706b696e2073706963652c2067616cc3a36f2063757020726f6275737461206d6f636861206d696c6b20636172616a696c6c6f206163657262696320637265616d20626f64792e204d656469756d2073617563657220736970686f6e2061726f6d6120657370726573736f20776869707065642c20636869636f72792068616c6620616e642068616c6620736561736f6e616c20706572636f6c61746f7220636869636f72792e20),
(39, 12, 0x52656465796520616e642063696e6e616d6f6e2072697374726574746f206f7267616e69632067616cc3a36f2072656465796520776869746520616765642e2054726966656374612c20636869636f72792073617563657220737465616d656420657874726120766172696574792c20736561736f6e616c20636172616a696c6c6f20657874726120616365726269632073706f6f6e2e20526f62757374612c2062617269737461207269636820626172697374612073696e676c652073686f74206672656e6368207072657373206972697368206672617070756363696e6f2065737420696365642e),
(40, 12, 0x5768697465206372656d6120737765657420666f616d20627265766520626172207669656e6e6573652061726f6d617469632e204d696c6b206265616e73206d656469756d20636172616a696c6c6f206b6f70692d6c7577616b206372656d6120616e64206d656469756d20636172616d656c697a6174696f6e2e20436166c3a9206175206c61697420617261626963612c206c756e676f206472697070657220636869636f7279207768697465207175692065787472616374696f6e206d616363686961746f2e202050),
(41, 12, 0x4672617070756363696e6f2c206772696e6465722c2067616cc3a36f2c206f7267616e6963206265616e732c207475726b69736820636f6e2070616e6e61206272657765642066616972207472616465206d696c6b2e20447269707065722063617070756363696e6f20616674657274617374652c206174206461726b2076617269657479206372656d6120626c7565206d6f756e7461696e20766172696574792063617070756363696e6f2069726973682e),
(42, 13, 0x4d616363686961746f20736561736f6e616c206265616e7320726f62757374612c20666f616d207468617420657370726573736f207475726b697368207375676172206964206c617474652e20436172616a696c6c6f206772696e646572207369742063696e6e616d6f6e20657874726120776869746520736970686f6e2e2057686974652c2073706f6f6e2c20706572636f6c61746f722073696e676c65206f726967696e2c2073756761722067726f756e647320726f62757374206f7267616e6963206265616e7320646f7070696f2e20),
(43, 13, 0x4265616e7320636172616d656c697a6174696f6e2c206963656420737567617220776869746520657520626c7565206d6f756e7461696e2e2053696e676c65206f726967696e20736f206c617474652063617070756363696e6f2074686174206672656e636820707265737320657370726573736f2e2050),
(44, 13, 0x4d696c6b2c20626172697374612c206d696c6b206963656420666c61766f7572206672656e636820707265737320657370726573736f20636172616a696c6c6f2e205374726f6e6720736b696e6e792c206461726b20666169722074726164652c20726963682064656361666665696e617465642c20636166c3a9206175206c61697420636869636f727920646f7070696f20626f6479206672617070756363696e6f20636172616a696c6c6f2e),
(45, 13, 0x466f616d206461726b2073756761722061726f6d617469632064656361666665696e6174656420746f20676f2c20736561736f6e616c2c206d6f6368612066616972207472616465206372656d612073686f7020616d65726963616e6f2e2046696c7465722067726f756e64732070756d706b696e20737069636520636f727461646f20637265616d206163657262696320626f6479206372656d61206772696e6465722e2041726162696361207468617420626c7565206d6f756e7461696e206c756e676f2064656361666665696e617465642061636572626963206f7267616e696320736561736f6e616c20616e642064656361666665696e61746564206c756e676f2e),
(46, 14, 0x536f207265646579652c2072696368206d616363686961746f2c2072697374726574746f2063696e6e616d6f6e2074686174206c756e676f206672617070756363696e6f2063756c74697661722e20446f7070696f2c2073756761722c206772696e6465722073696e676c65206f726967696e206166666f6761746f2c206372656d61206d617a616772616e206174207475726b69736820657374206c6174746520666c61766f75722e20),
(47, 14, 0x5768697070656420736b696e6e7920657370726573736f206d6f63686120766172696574792066616972207472616465207669656e6e6573652068616c6620616e642068616c6620616765642e20457874726120666f616d2c20616674657274617374652063696e6e616d6f6e20766172696574792c20636f6666656520626c7565206d6f756e7461696e20636f666665652061726162696361206372656d612067726f756e64732e204166666f6761746f2c2077686974652073706f6f6e20696e20666c61766f757220626c61636b207669656e6e6573652e),
(48, 14, 0x4372656d6120776869707065642c206372656d612c20616e642c206672617070756363696e6f206c756e676f20697269736820636172616d656c697a6174696f6e20636172616a696c6c6f2e204265616e73206172616269636120636172616a696c6c6f2064656361666665696e6174656420746f20676f2076617269657479206772696e64657220636166c3a9206175206c616974207265646579652e20),
(49, 14, 0x4672617070756363696e6f2c2063756c74697661722c20636f666665652073706f6f6e2062726577656420647269707065722073696e676c652073686f742e2057686970706564206361666665696e6520736970686f6e2c2065787472616374696f6e2c206d617a616772616e2066726f746820626c61636b2073696e676c65206f726967696e206672656e63682070726573732e20546f20676f206166666f6761746f206d6f63686120636f6666656520636166c3a9206175206c616974207468617420636f727461646f20696e7374616e7420637265616d2e),
(50, 14, 0x5669656e6e6573652063756c74697661722c2063696e6e616d6f6e206265616e732c2063617070756363696e6f20736970686f6e2067726f756e64732072656465796520696420636869636f72792065787472612e205661726965747920736b696e6e79207175692c20636869636f72792c20616d65726963616e6f206166666f6761746f206c617474652c2073696e676c652073686f7420636f727461646f2062726576652065737420696e7374616e742e20);

-- --------------------------------------------------------

--
-- Struktura tabeli dla tabeli `answer_status`
--

CREATE TABLE `answer_status` (
  `ID` int(11) NOT NULL,
  `ID_QUESTION` int(11) NOT NULL,
  `IS_TRUE` tinyint(1) NOT NULL
) ENGINE=InnoDB DEFAULT CHARSET=utf8 COLLATE=utf8_unicode_ci;

--
-- Zrzut danych tabeli `answer_status`
--

INSERT INTO `answer_status` (`ID`, `ID_QUESTION`, `IS_TRUE`) VALUES
(1, 1, 0),
(2, 1, 1),
(3, 1, 0),
(4, 1, 0),
(5, 4, 1),
(6, 4, 0),
(7, 4, 1),
(8, 4, 0),
(9, 4, 0),
(10, 5, 1),
(11, 5, 0),
(12, 5, 1),
(13, 5, 0),
(14, 6, 0),
(15, 6, 0),
(16, 6, 0),
(17, 6, 1),
(18, 7, 0),
(19, 7, 0),
(20, 7, 1),
(21, 7, 0),
(22, 7, 1),
(23, 8, 0),
(24, 8, 0),
(25, 8, 1),
(26, 9, 1),
(27, 9, 1),
(28, 9, 1),
(29, 9, 1),
(30, 10, 0),
(31, 10, 0),
(32, 10, 0),
(33, 10, 1),
(34, 11, 1),
(35, 11, 0),
(36, 11, 1),
(37, 11, 0),
(38, 12, 0),
(39, 12, 0),
(40, 12, 1),
(41, 12, 0),
(42, 13, 0),
(43, 13, 1),
(44, 13, 0),
(45, 13, 0),
(46, 14, 0),
(47, 14, 0),
(48, 14, 0),
(49, 14, 0),
(50, 14, 0);

-- --------------------------------------------------------

--
-- Struktura tabeli dla tabeli `category`
--

CREATE TABLE `category` (
  `ID` int(11) NOT NULL,
  `NAME` text CHARACTER SET utf8 COLLATE utf8_bin NOT NULL
) ENGINE=InnoDB DEFAULT CHARSET=utf8 COLLATE=utf8_unicode_ci;

--
-- Zrzut danych tabeli `category`
--

INSERT INTO `category` (`ID`, `NAME`) VALUES
(1, 'Kategoria_1'),
(2, 'Kategoria_2'),
(3, 'Kategoria_3'),
(4, 'Kategoria_4');

-- --------------------------------------------------------

--
-- Struktura tabeli dla tabeli `question`
--

CREATE TABLE `question` (
  `ID` int(11) NOT NULL,
  `ID_SUBJECT` int(11) NOT NULL,
  `ID_CATEGORY` int(11) NOT NULL,
  `TEXT` blob NOT NULL,
  `CODE` blob,
  `IMAGE` blob
) ENGINE=InnoDB DEFAULT CHARSET=utf8 COLLATE=utf8_unicode_ci;

--
-- Zrzut danych tabeli `question`
--

INSERT INTO `question` (`ID`, `ID_SUBJECT`, `ID_CATEGORY`, `TEXT`, `CODE`, `IMAGE`) VALUES
(1, 1, 1, 0x43757063616b6520697073756d20646f6c6f722073697420616d657420667275697463616b652073776565742063616b652e204c656d6f6e2064726f7073206a656c6c792d6f206a656c6c792063687570612063687570732064726167c3a9652064726167c3a965206963696e6720636f6f6b696520736f7566666cc3a92e20546f6f7473696520726f6c6c20746f6666656520746f7070696e6720736f7566666cc3a92077616665722067756d6d692062656172732063616e64792063616e65732e, NULL, NULL),
(4, 1, 2, 0x426f6e626f6e2070696520646f6e75742e20436f6f6b6965206f61742063616b6520736f7566666cc3a92063616b6520626973637569742063686565736563616b652e2044657373657274206269736375697420736f7566666cc3a92e204c6971756f7269636520636f74746f6e2063616e647920736573616d6520736e6170732070756464696e672e, NULL, NULL),
(5, 1, 3, 0x546f7070696e672063686f636f6c6174652067756d6d6965732067696e67657262726561642067756d6d6965732e2043616b652063686f636f6c6174652062617220636f74746f6e2063616e64792e2049636520637265616d20626f6e626f6e2063687570612063687570732063616e64792063616e657320626f6e626f6e20746f6f7473696520726f6c6c206a656c6c7920736f7566666cc3a92e2043686f636f6c61746520636172616d656c73206d617273686d616c6c6f7720746f666665652e, NULL, 0x68747470733a2f2f7468756d62732e6766796361742e636f6d2f536e6f6f7079426f737379486f6e65796261646765722d73697a655f726573747269637465642e676966),
(6, 1, 1, 0x4a656c6c79206265616e73206d756666696e2063616e64792063757063616b6520737765657420726f6c6c206f61742063616b652e2044616e6973682067696e6765726272656164206963696e67206d616361726f6f6e2069636520637265616d2062726f776e6965206c656d6f6e2064726f70732063616e64792063616e6573206c6f6c6c69706f702e2043686f636f6c6174652062617220746f7070696e672067756d6d696573206d61727a6970616e20636172726f742063616b652063757063616b652e204c656d6f6e2064726f70732064616e69736820736f7566666cc3a9206265617220636c617720636f74746f6e2063616e647920636172616d656c73206963696e67206a656c6c792d6f2e, 0x3c21444f43545950452068746d6c3e0d0a3c68746d6c206c616e673d22706c2d504c223e0d0a20203c686561643e0d0a202020203c6d65746120636861727365743d227574662d38223e0d0a202020203c6d657461206e616d653d2276696577706f72742220636f6e74656e743d2277696474683d6465766963652d77696474682c20696e697469616c2d7363616c653d31223e0d0a20203c2f686561643e0d0a20203c626f64793e0d0a202020203c6865616465723e0d0a2020202020203c68313e74657374793c2f68313e0d0a202020203c2f6865616465723e0d0a202020203c666f6f7465723e0d0a202020202020436f707972696768742026636f70793b0d0a202020203c2f666f6f7465723e0d0a20203c2f626f64793e0d0a3c2f68746d6c3e, NULL),
(7, 1, 4, 0x5475726b697368206a6176612c2065787472616374696f6e206265616e7320616d65726963616e6f2077696e67732063756c746976617220637265616d206d696c6b20616765642e20506c756e67657220706f7420657874726120736f2065787472612065742c2064656361666665696e6174656420706572636f6c61746f7220636172616d656c697a6174696f6e20636172616a696c6c6f206c617474652e, 0x696d706f7274207b20417070436f6d706f6e656e74207d2066726f6d20272e2f6170702e636f6d706f6e656e74273b0d0a696d706f7274207b2042726f777365724d6f64756c65207d2066726f6d202740616e67756c61722f706c6174666f726d2d62726f77736572273b0d0a2f2f20696d706f7274207b2042726f777365724d6f64756c654c6f6164657253657276696365207d2066726f6d20272e2f62726f777365724d6f64756c654c6f616465722e73657276696365273b0d0a2f2f20696d706f7274207b204c6561666c6574436f6d706f6e656e74207d2066726f6d20272e2f6c6561666c65742f6c6561666c65742e636f6d706f6e656e74273b0d0a696d706f7274207b204c6561666c65744d6f64756c65207d2066726f6d2027406173796d6d657472696b2f6e67782d6c6561666c6574273b0d0a696d706f7274207b204e674d6f64756c65207d2066726f6d202740616e67756c61722f636f7265273b0d0a0d0a404e674d6f64756c65287b0d0a20206465636c61726174696f6e733a205b0d0a20202020417070436f6d706f6e656e742c0d0a202020202f2f204c6561666c6574436f6d706f6e656e740d0a20205d2c0d0a2020696d706f7274733a205b0d0a2020202042726f777365724d6f64756c652e776974685365727665725472616e736974696f6e287b61707049643a20276d792d617070277d292c0d0a202020204c6561666c65744d6f64756c652e666f72526f6f7428290d0a20205d2c0d0a202070726f7669646572733a205b0d0a202020202f2f2042726f777365724d6f64756c654c6f61646572536572766963650d0a20205d2c0d0a2020626f6f7473747261703a205b417070436f6d706f6e656e745d0d0a7d290d0a6578706f727420636c617373204170704d6f64756c65207b207d, ''),
(8, 1, 2, 0x4d617a616772616e20746f20676f2c20626c61636b20637265616d206d696c6b2067616cc3a36f20616674657274617374652067726f756e64732e204167656420637265616d206272657765642c20746f20676f20612c2072697374726574746f20636f6e2070616e6e61206b6f70692d6c7577616b20636869636f72792066696c746572206172616269636120736970686f6e2e, NULL, NULL),
(9, 1, 3, 0x53696e676c652073686f7420637265616d2c20636f66666565206a61766120726f627573742073696e676c652073686f742066696c74657220736b696e6e79206963656420626c61636b2067616cc3a36f20637265616d2e20427265766520636f66666565206772696e64657220706572636f6c61746f7220616e642c20706572636f6c61746f7220636172616d656c697a6174696f6e2c2061206672656e636820707265737320747269666563746120636f6e2070616e6e612063696e6e616d6f6e2e, NULL, NULL),
(10, 1, 1, 0x546f20676f20736970686f6e20726f6173742061726f6d617469632c20696e7374616e742068616c6620616e642068616c6620736f206d656469756d20616d65726963616e6f2e2043617070756363696e6f2c20657420646f7070696f206461726b2067616cc3a36f20736f2063756c74697661722e0d0a0d0a, NULL, 0x68747470733a2f2f63646e2e73686f706c6f2e636f6d2f313738352f70726f64756374732f7468313032342f616161362f3134332d6b726f6c696b2e6a7067),
(11, 1, 2, 0x416e64206772696e64657220726f627573746120666169722074726164652063757020657874726120736b696e6e79206172616269636120616765642077686970706564206372656d6120726963682e20457370726573736f20627265776564206d617a616772616e20626c7565206d6f756e7461696e20697269736820646f7070696f20647269707065722e, NULL, NULL),
(12, 1, 3, 0x506c756e67657220706f74206166746572746173746520636f6666656520627265766520776869746520626172207374726f6e672072697374726574746f2069726973682e205374726f6e672c20636f6666656520626c7565206d6f756e7461696e2c207574207374726f6e67206c617474652c206672617070756363696e6f2c206c756e676f207574206172616269636120776869746520737465616d65642e20506c756e67657220706f74206166746572746173746520636f6666656520627265766520776869746520626172207374726f6e672072697374726574746f2069726973682e205374726f6e672c20636f6666656520626c7565206d6f756e7461696e2c207574207374726f6e67206c617474652c206672617070756363696e6f2c206c756e676f207574206172616269636120776869746520737465616d65642e, NULL, 0x68747470733a2f2f706f62696572616b2e6a656a612e706c2f696d616765732f632f322f632f3434383735375f6a657369656e6e612d6b6177612e6a7067),
(13, 1, 1, 0x4d756720666169722074726164652c20737465616d65642c20637570206d616363686961746f2062617269737461206d656469756d206c617474652e20526f6173742063756c746976617220636172616d656c697a6174696f6e20726f6173742073686f7020626c7565206d6f756e7461696e20717569206d6f6368612e, 0x666f7228696e7420693d303b693c573b692b2b290d0a2020202020202020666f7228696e74206a3d303b6a3c483b6a2b2b290d0a202020202020202020202020696d675b692a572b6a5d3d3235353b0d0a0d0a20202020666f7228696e74206a3d303b6a3c483b6a2b2b290d0a202020207b0d0a2020202020202020696d675b6a5d203d20303b0d0a2020202020202020696d675b572a28572d31292b6a5d203d20303b0d0a202020207d0d0a20202020666f7228696e7420693d303b693c573b692b2b290d0a202020207b0d0a2020202020202020696d675b692a575d203d20303b0d0a2020202020202020696d675b692a572b482d315d203d20303b0d0a202020207d0d0a20202020666f7228696e7420693d303b693c573b692b2b290d0a2020202020202020666f7228696e74206a3d303b6a3c483b6a2b2b290d0a20202020202020207b200d0a202020202020202020202020696628696d675b692a572b6a5d3d3d30290d0a202020202020202020202020202020206474725b692a572b6a5d203d20303b202020202f2f203c2d2d2d2d2d2d686572650d0a202020202020202020202020656c73650d0a202020202020202020202020202020206474725b692a572b6a5d203d204d41583b20202f2f203c2d2d2d2d2d2d686572650d0a20202020202020207d0d0a7d0d0a, NULL),
(14, 1, 1, 0x506c756e67657220706f7420646f7070696f2073696e676c652073686f742c2061726f6d612070756d706b696e207370696365206f7267616e69632063617070756363696e6f20657370726573736f2e2043696e6e616d6f6e20746f20676f2073696e676c652073686f742c20737765657420636f66666565206166666f6761746f206d616363686961746f20746f20676f20726f627573742067726f756e647320647269707065722e, NULL, NULL);

-- --------------------------------------------------------

--
-- Struktura tabeli dla tabeli `subject`
--

CREATE TABLE `subject` (
  `ID` int(11) NOT NULL,
  `NAME` varchar(128) COLLATE utf8_unicode_ci NOT NULL,
  `ID_AUTHOR` int(11) DEFAULT NULL
) ENGINE=InnoDB DEFAULT CHARSET=utf8 COLLATE=utf8_unicode_ci;

--
-- Zrzut danych tabeli `subject`
--

INSERT INTO `subject` (`ID`, `NAME`, `ID_AUTHOR`) VALUES
(1, 'DEMO', NULL);

--
-- Indeksy dla zrzutów tabel
--

--
-- Indexes for table `answer`
--
ALTER TABLE `answer`
  ADD PRIMARY KEY (`ID`),
  ADD KEY `ID_QUESTION` (`ID_QUESTION`);

--
-- Indexes for table `answer_status`
--
ALTER TABLE `answer_status`
  ADD PRIMARY KEY (`ID`),
  ADD KEY `ID_QUESTION` (`ID_QUESTION`);

--
-- Indexes for table `category`
--
ALTER TABLE `category`
  ADD PRIMARY KEY (`ID`),
  ADD KEY `ID` (`ID`);

--
-- Indexes for table `question`
--
ALTER TABLE `question`
  ADD PRIMARY KEY (`ID`),
  ADD KEY `ID` (`ID`),
  ADD KEY `ID_SUBJECT` (`ID_SUBJECT`),
  ADD KEY `ID_CATEGORY` (`ID_CATEGORY`);

--
-- Indexes for table `subject`
--
ALTER TABLE `subject`
  ADD PRIMARY KEY (`ID`),
  ADD KEY `ID` (`ID`),
  ADD KEY `ID_2` (`ID`);

--
-- AUTO_INCREMENT for dumped tables
--

--
-- AUTO_INCREMENT dla tabeli `answer`
--
ALTER TABLE `answer`
  MODIFY `ID` int(11) NOT NULL AUTO_INCREMENT, AUTO_INCREMENT=51;

--
-- AUTO_INCREMENT dla tabeli `answer_status`
--
ALTER TABLE `answer_status`
  MODIFY `ID` int(11) NOT NULL AUTO_INCREMENT, AUTO_INCREMENT=51;

--
-- AUTO_INCREMENT dla tabeli `category`
--
ALTER TABLE `category`
  MODIFY `ID` int(11) NOT NULL AUTO_INCREMENT, AUTO_INCREMENT=5;

--
-- AUTO_INCREMENT dla tabeli `question`
--
ALTER TABLE `question`
  MODIFY `ID` int(11) NOT NULL AUTO_INCREMENT, AUTO_INCREMENT=15;

--
-- AUTO_INCREMENT dla tabeli `subject`
--
ALTER TABLE `subject`
  MODIFY `ID` int(11) NOT NULL AUTO_INCREMENT, AUTO_INCREMENT=2;

--
-- Ograniczenia dla zrzutów tabel
--

--
-- Ograniczenia dla tabeli `answer`
--
ALTER TABLE `answer`
  ADD CONSTRAINT `ANSWER_ibfk_1` FOREIGN KEY (`ID_QUESTION`) REFERENCES `question` (`ID`);

--
-- Ograniczenia dla tabeli `answer_status`
--
ALTER TABLE `answer_status`
  ADD CONSTRAINT `ANSWER_STATUS_ibfk_1` FOREIGN KEY (`ID_QUESTION`) REFERENCES `question` (`ID`),
  ADD CONSTRAINT `ANSWER_STATUS_ibfk_2` FOREIGN KEY (`ID`) REFERENCES `answer` (`ID`);

--
-- Ograniczenia dla tabeli `question`
--
ALTER TABLE `question`
  ADD CONSTRAINT `QUESTION_ibfk_1` FOREIGN KEY (`ID_SUBJECT`) REFERENCES `subject` (`ID`),
  ADD CONSTRAINT `QUESTION_ibfk_2` FOREIGN KEY (`ID_CATEGORY`) REFERENCES `category` (`ID`);
COMMIT;

/*!40101 SET CHARACTER_SET_CLIENT=@OLD_CHARACTER_SET_CLIENT */;
/*!40101 SET CHARACTER_SET_RESULTS=@OLD_CHARACTER_SET_RESULTS */;
/*!40101 SET COLLATION_CONNECTION=@OLD_COLLATION_CONNECTION */;
